{
    "DNDConfig": null,
    "__valid__": true,
    "_enabled_": false,
    "_margin_": [
        0,
        0,
        0,
        0
    ],
    "_padding_": [
        4,
        4,
        4,
        4
    ],
    "_render_": true,
    "_skin_": "s51acb1f7cea44e4a6ff020ceb6373ab",
    "_text_": "Open",
    "annotationId": "be4e3200b2f84a2e997fad993fdab5e3",
    "canUpdateUI": true,
    "channel": "mobile",
    "containerweight": 100,
    "contentalignment": 5,
    "displaytext": true,
    "focusskin": "s51acb1f7cea44e4a6ff020ceb6373ab",
    "id": "Button0f6451480e4174a",
    "info": null,
    "isvisible": true,
    "kuid": "be4e3200b2f84a2e997fad993fdab5e3",
    "margininpixel": false,
    "name": "kony.ui.Button",
    "onclick": "AS_Button_ae21848275b447e3b4ec5305940002f1",
    "paddinginpixel": false,
    "parent": "VBox091e0c84e226d46",
    "pf": "popupDownloadStar",
    "wType": "Button",
    "widgetalignment": 8
}