{
    "DNDConfig": null,
    "__valid__": true,
    "_enabled_": false,
    "_margin_": [
        5,
        0,
        5,
        5
    ],
    "_padding_": [
        4,
        4,
        4,
        4
    ],
    "_render_": true,
    "_skin_": "sea48dd0407540f996a93c234b6fed8a",
    "_text_": "Cancel",
    "annotationId": "aea6f101f15a40078700f561e2e954b6",
    "canUpdateUI": true,
    "channel": "mobile",
    "containerweight": 100,
    "contentalignment": 5,
    "displaytext": true,
    "focusskin": "sea48dd0407540f996a93c234b6fed8a",
    "id": "Button0238c56078d134c",
    "info": null,
    "isvisible": true,
    "kuid": "aea6f101f15a40078700f561e2e954b6",
    "margininpixel": false,
    "name": "kony.ui.Button",
    "onclick": "AS_Button_ebd296747c32496394482d52218b7e64",
    "paddinginpixel": false,
    "parent": "popupDownloadStar",
    "pf": "popupDownloadStar",
    "wType": "Button",
    "widgetalignment": 5
}