{
    "DNDConfig": null,
    "__valid__": true,
    "_enabled_": false,
    "_margin_": [
        0,
        0,
        0,
        0
    ],
    "_padding_": [
        4,
        4,
        4,
        4
    ],
    "_render_": true,
    "_skin_": "s164342fdd344131878f44b36ef9d7dd",
    "_text_": "Delete Local Copy",
    "annotationId": "f16bb87ad93a4cd2b0c772e5ae88c6ff",
    "canUpdateUI": true,
    "channel": "mobile",
    "containerweight": 100,
    "contentalignment": 5,
    "displaytext": true,
    "focusskin": "s164342fdd344131878f44b36ef9d7dd",
    "id": "CopyButton0461c0edf4f0a49",
    "info": null,
    "isvisible": true,
    "kuid": "592f3521f98d400b850eb9d629214031",
    "margininpixel": false,
    "name": "kony.ui.Button",
    "onclick": "AS_Button_d4637b54d2e14e32aba86d1eab660e1a",
    "parent": "VBox091e0c84e226d46",
    "pf": "popupDownloadStar",
    "wType": "Button",
    "widgetalignment": 5
}