{
    "DNDConfig": null,
    "__valid__": true,
    "_margin_": [
        0,
        0,
        0,
        0
    ],
    "_padding_": [
        0,
        0,
        0,
        0
    ],
    "_render_": true,
    "_skin_": "s90e051bde544e8bad39c0c07e7570e1",
    "_thickness_": 1,
    "annotationId": "f0e7527f69aa4bf18cdeb79a1fa9a66f",
    "canUpdateUI": true,
    "channel": "mobile",
    "containerWeightLocked": false,
    "containerweight": 100,
    "enabled": false,
    "id": "CopyLine0f7d01567a2ad42",
    "info": null,
    "isvisible": true,
    "kuid": "898d0e6bebd24074b833bdb229fd88a3",
    "name": "kony.ui.Line",
    "parent": "VBox091e0c84e226d46",
    "pf": "popupDownloadStar",
    "tooltip": "",
    "wType": "Line",
    "widgetalignment": 5
}