{
    "DNDConfig": null,
    "__valid__": true,
    "_enabled_": false,
    "_margin_": [
        0,
        0,
        0,
        0
    ],
    "_padding_": [
        4,
        4,
        4,
        4
    ],
    "_render_": true,
    "_skin_": "s51acb1f7cea44e4a6ff020ceb6373ab",
    "_text_": "Download & Pin",
    "annotationId": "f16bb87ad93a4cd2b0c772e5ae88c6ff",
    "canUpdateUI": true,
    "channel": "mobile",
    "containerweight": 100,
    "contentalignment": 5,
    "displaytext": true,
    "focusskin": "s51acb1f7cea44e4a6ff020ceb6373ab",
    "id": "CopyButton02c64fb1904af4d",
    "info": null,
    "isvisible": true,
    "kuid": "9943f9fa585049cc8d312be33b6b06b4",
    "margininpixel": false,
    "name": "kony.ui.Button",
    "onclick": "AS_Button_05d303a39a4c4a8591b48b56c2a85ba5",
    "parent": "VBox091e0c84e226d46",
    "pf": "popupDownloadStar",
    "wType": "Button",
    "widgetalignment": 5
}