{
    "DNDConfig": null,
    "__valid__": true,
    "_enabled_": false,
    "_margin_": [
        0,
        0,
        0,
        0
    ],
    "_padding_": [
        4,
        4,
        4,
        4
    ],
    "_render_": true,
    "_skin_": "s51acb1f7cea44e4a6ff020ceb6373ab",
    "_text_": "Download",
    "annotationId": "f16bb87ad93a4cd2b0c772e5ae88c6ff",
    "canUpdateUI": true,
    "channel": "mobile",
    "containerweight": 100,
    "contentalignment": 5,
    "displaytext": true,
    "focusskin": "s51acb1f7cea44e4a6ff020ceb6373ab",
    "id": "CopyButton0f34ca78a67a948",
    "info": null,
    "isvisible": true,
    "kuid": "f16bb87ad93a4cd2b0c772e5ae88c6ff",
    "margininpixel": false,
    "name": "kony.ui.Button",
    "onclick": "AS_Button_69fe6627762f47728ccc768615c72f11",
    "parent": "VBox091e0c84e226d46",
    "pf": "popupDownloadStar",
    "wType": "Button",
    "widgetalignment": 5
}