{
    "DNDConfig": null,
    "__parentReadjusting__": false,
    "_height_": {
        "type": "string",
        "value": "100%"
    },
    "_left_": {
        "type": "string",
        "value": "0dp"
    },
    "_margin_": [
        0,
        0,
        0,
        0
    ],
    "_orientation_": 6,
    "_padding_": [
        0,
        0,
        0,
        0
    ],
    "_percent_": true,
    "_skin_": "se505a622d3645a584fc5ca42ba57866",
    "_top_": {
        "type": "string",
        "value": "0dp"
    },
    "_width_": {
        "type": "string",
        "value": "100%"
    },
    "allboxes": [],
    "canUpdateUI": true,
    "childInstances": [
        "mb9df24c0252433f9f170926499b8a3b"
    ],
    "children": [
        "segContentS3"
    ],
    "clipbounds": true,
    "containerweight": 100,
    "enablescrolling": true,
    "id": "flxS3list",
    "ide_onClick": "AS_FlexContainer_590e9a0997d14d57899f22f0bff1b9c6",
    "info": null,
    "isvisible": true,
    "kuid": "m3d93f642da94ad7a6a2e49111be3379",
    "layouttype": 2,
    "masterTopLevelFlex": true,
    "name": "kony.ui.FlexContainer",
    "parent": "S3Photolist",
    "pf": "S3Photolist",
    "snapgridsize": 10,
    "snaptogrid": true,
    "vizProps": {
        "hidewidgethierarchy": false
    },
    "wType": "FlexContainer",
    "widgetalignment": 1
}