{
    "DNDConfig": null,
    "__parentReadjusting__": false,
    "_bottom_": {
        "type": "string",
        "value": "0dp"
    },
    "_data_": [
        {
            "imgCheck": {
                "@class": "com.viz.ide.model.segment.ImageSegmentData",
                "src": ""
            },
            "imgStar": {
                "@class": "com.viz.ide.model.segment.ImageSegmentData",
                "src": ""
            },
            "lblImageName": {
                "@class": "com.viz.ide.model.segment.SimpleTextSegmentData",
                "text": ""
            },
            "lblImageSize": {
                "@class": "com.viz.ide.model.segment.SimpleTextSegmentData",
                "text": ""
            }
        }
    ],
    "_enabled_": false,
    "_height_": {
        "type": "string",
        "value": "70%"
    },
    "_indicator_": "none",
    "_left_": {
        "type": "string",
        "value": "0dp"
    },
    "_margin_": [
        0,
        0,
        0,
        0
    ],
    "_orientation_": 2,
    "_padding_": [
        0,
        0,
        0,
        0
    ],
    "_render_": true,
    "_rowtemplateid": "tmpAppContentDelivery",
    "_skin_": "seg2Normal",
    "_width_": {
        "type": "string",
        "value": "100%"
    },
    "annotationId": "5e73a9eb3b9e48549a3a7d1d8f9d80d8",
    "autogrowmode": 0,
    "canUpdateUI": true,
    "childInstances": [
        "m9e95b5c91d7402ea8a8f7476059a568"
    ],
    "containerweight": 100,
    "context": {
        "channel": "mobile",
        "formID": "AdvancedWidgetsSegements",
        "templateType": "segments",
        "topLevelBox": false
    },
    "counter": "00",
    "focusedindex": null,
    "focuseditem": null,
    "groupcells": false,
    "hasSections": false,
    "id": "segContentS3",
    "ide_onRowClick": "AS_Segment_51fafd59ec9741af8706b5f953399b24",
    "info": null,
    "ipad": {
        "psp": {
            "indicator": "rowselect"
        }
    },
    "iphone": {
        "@class": "com.kony.gen.viz.model.container.property.segment2.IPhoneSegment2Property",
        "psp": {
            "indicator": "none",
            "showProgressIndicator": false
        }
    },
    "isvisible": true,
    "kuid": "m04cf24368424e218275df06cf8b10d0",
    "mobile": {
        "_data_": [
            {
                "imgCheck": {
                    "@class": "com.viz.ide.model.segment.ImageSegmentData",
                    "src": ""
                },
                "imgStar": {
                    "@class": "com.viz.ide.model.segment.ImageSegmentData",
                    "src": ""
                },
                "lblImageName": {
                    "@class": "com.viz.ide.model.segment.SimpleTextSegmentData",
                    "text": ""
                },
                "lblImageSize": {
                    "@class": "com.viz.ide.model.segment.SimpleTextSegmentData",
                    "text": ""
                }
            }
        ],
        "rowTemplateId": "cbc1f3c9324d49f29822098bbcb19c26",
        "rowtemplate": "FlexContainer024fc41fdcbdc41",
        "widgetdatamap": {
            "FlexContainer024fc41fdcbdc41": "FlexContainer024fc41fdcbdc41",
            "imgCheck": "imgCheck",
            "imgStar": "imgStar",
            "lblImageName": "lblImageName",
            "lblImageSize": "lblImageSize"
        }
    },
    "name": "kony.ui.SegmentedUI2",
    "needpageindicator": true,
    "pageoffdotimage": "pageoffdot.png",
    "pageondotimage": "pageondot.png",
    "paginationconfig": {
        "position": "bottom"
    },
    "parent": "flxS3list",
    "pf": "S3Photolist",
    "retainselection": false,
    "rowTemplateId": "cbc1f3c9324d49f29822098bbcb19c26",
    "rowcounter": 0,
    "rowfocusskin": "s62fc2780bdf4534b82ae5d29c6e3824",
    "rowskin": "s4b9324e765448589368ffb3e3035813",
    "rowtemplate": "FlexContainer024fc41fdcbdc41",
    "screenlevelwidget": false,
    "scrollingevents": false,
    "seccounter": 0,
    "sectionheaderskin": "s6c1cde9ad854dce8039a37ca84c34bf",
    "selectedRows": null,
    "selectedState": false,
    "selectedindex": null,
    "selectedindices": null,
    "selecteditems": null,
    "selectedsectionindex": 0,
    "selectionbehavior": "default",
    "separatorcolor": "64646400",
    "separatorrequired": true,
    "separatorthickness": 1,
    "showprogressindicator": false,
    "showscrollbars": false,
    "viewtype": "tableview",
    "wType": "Segment",
    "widgetalignment": 5,
    "widgetdatamap": {
        "FlexContainer024fc41fdcbdc41": "FlexContainer024fc41fdcbdc41",
        "imgCheck": "imgCheck",
        "imgStar": "imgStar",
        "lblImageName": "lblImageName",
        "lblImageSize": "lblImageSize"
    },
    "zindex": 1
}