{
    "__parentReadjusting__": false,
    "_padding_": [
        0,
        0,
        0,
        0
    ],
    "_skin_": "sba6728e27e54e4da4fc3a81f4132052",
    "_srcKuid_": "ma411b2467d04a11922ba5215eb6a9b0",
    "canUpdateUI": true,
    "channel": "mobile",
    "context": {},
    "dataDiffs": {
        "height": {
            "type": "string",
            "value": "10%"
        },
        "id": "btnCognitoFacebook",
        "left": {
            "type": "string",
            "value": "15%"
        },
        "text": "Button",
        "top": {
            "type": "string",
            "value": "75.36%"
        },
        "width": {
            "type": "string",
            "value": "70%"
        },
        "zIndex": 1
    },
    "id": "btnCognitoFacebook",
    "instanceOf": "ma411b2467d04a11922ba5215eb6a9b0",
    "isvisible": false,
    "kuid": "mbe41dbab56d4951956451012e50852c",
    "masterInstance": true,
    "name": "kony.ui.Button",
    "parent": "flxLogin",
    "pf": "frmSignIn",
    "topLevelInstanceKUID": "mdcb87a5cd5842abbfaaeaee33767b53",
    "wType": "Button"
}