{
    "__parentReadjusting__": false,
    "_padding_": [
        0,
        0,
        0,
        0
    ],
    "_skin_": "sefaa93aa2764cd0aad60f52d9e56b17",
    "_srcKuid_": "m03cd697f7d84acc9f109ec2d38d7cb1",
    "canUpdateUI": true,
    "channel": "mobile",
    "context": {},
    "dataDiffs": {
        "height": {
            "type": "string",
            "value": "10%"
        },
        "id": "btnCoginitoLogin",
        "left": {
            "type": "string",
            "value": "15.07%"
        },
        "text": "Sign In",
        "top": {
            "type": "string",
            "value": "40.60%"
        },
        "width": {
            "type": "string",
            "value": "70%"
        },
        "zIndex": 1
    },
    "id": "btnCoginitoLogin",
    "ide_onClick": "AS_Button_f15cca82721b435a8bf1c0250dd6e540",
    "instanceOf": "m03cd697f7d84acc9f109ec2d38d7cb1",
    "isvisible": true,
    "kuid": "m34f8dcce1b84d739aa5eea7de41b07f",
    "masterInstance": true,
    "name": "kony.ui.Button",
    "parent": "flxLogin",
    "pf": "frmSignIn",
    "topLevelInstanceKUID": "mdcb87a5cd5842abbfaaeaee33767b53",
    "wType": "Button"
}