{
    "__parentReadjusting__": false,
    "_padding_": [
        0,
        0,
        0,
        0
    ],
    "_skin_": "s53860f2e07441aca9aee4e7d472dbc5",
    "_srcKuid_": "m5282b29d7484c199cfa9f0c768edc6e",
    "canUpdateUI": true,
    "channel": "mobile",
    "context": {},
    "dataDiffs": {
        "height": {
            "type": "string",
            "value": "preferred"
        },
        "id": "btnNewAcc",
        "left": {
            "type": "string",
            "value": "5%"
        },
        "text": "Create New Account",
        "top": {
            "type": "string",
            "value": "57.97%"
        },
        "width": {
            "type": "string",
            "value": "44%"
        },
        "zIndex": 1
    },
    "id": "btnNewAcc",
    "ide_onClick": "AS_Button_d904919cb81946d2acfb7cb8f8e450d3",
    "instanceOf": "m5282b29d7484c199cfa9f0c768edc6e",
    "isvisible": true,
    "kuid": "me096641617d49aeb18129f324f3e784",
    "masterInstance": true,
    "name": "kony.ui.Button",
    "parent": "flxLogin",
    "pf": "frmSignIn",
    "topLevelInstanceKUID": "mdcb87a5cd5842abbfaaeaee33767b53",
    "wType": "Button"
}