{
    "__parentReadjusting__": false,
    "_padding_": [
        0,
        0,
        0,
        0
    ],
    "_skin_": "s028b6d97ec64e7e8e1f9b03d54cc59e",
    "_srcKuid_": "m05ad6a3e6f64ec996243c4ff5b1d971",
    "canUpdateUI": true,
    "channel": "mobile",
    "context": {},
    "dataDiffs": {
        "height": {
            "type": "string",
            "value": "preferred"
        },
        "id": "CopylblOverviewDetails03685fb79b7bf40",
        "left": {
            "type": "string",
            "value": "5%"
        },
        "text": "or sign in with",
        "textStyle": {},
        "top": {
            "type": "string",
            "value": "53%"
        },
        "width": {
            "type": "string",
            "value": "28%"
        },
        "zIndex": 1
    },
    "id": "CopylblOverviewDetails03685fb79b7bf40",
    "instanceOf": "m05ad6a3e6f64ec996243c4ff5b1d971",
    "isvisible": false,
    "kuid": "mbc89bc65a4c4e22818d14dfe0515a46",
    "masterInstance": true,
    "name": "kony.ui.Label",
    "parent": "flxLogin",
    "pf": "frmSignIn",
    "topLevelInstanceKUID": "mdcb87a5cd5842abbfaaeaee33767b53",
    "wType": "Label"
}