{
    "__parentReadjusting__": false,
    "_padding_": [
        0,
        0,
        0,
        0
    ],
    "_skin_": "s1858cdce3904be79f354c53329e2480",
    "_srcKuid_": "m860fb97c9a543848119fc489ac0267a",
    "canUpdateUI": true,
    "channel": "mobile",
    "context": {},
    "dataDiffs": {
        "height": {
            "type": "ref",
            "value": "preferred"
        },
        "id": "CopylblOverviewDetails0564c2b9de1e143",
        "left": {
            "type": "string",
            "value": "51.04%"
        },
        "text": "Forgot your password?",
        "textStyle": {},
        "top": {
            "type": "string",
            "value": "57.93%"
        },
        "width": {
            "type": "string",
            "value": "45%"
        },
        "zIndex": 1
    },
    "id": "CopylblOverviewDetails0564c2b9de1e143",
    "instanceOf": "m860fb97c9a543848119fc489ac0267a",
    "isvisible": true,
    "kuid": "m387fe682a8240a282a23976ff58d41b",
    "masterInstance": true,
    "name": "kony.ui.Label",
    "parent": "flxLogin",
    "pf": "frmSignIn",
    "topLevelInstanceKUID": "mdcb87a5cd5842abbfaaeaee33767b53",
    "wType": "Label"
}