{
    "__parentReadjusting__": false,
    "_padding_": [
        0,
        0,
        0,
        0
    ],
    "_skin_": "s028b6d97ec64e7e8e1f9b03d54cc59e",
    "_srcKuid_": "mf3eb8e0adb748b1a64dcc245b4cec10",
    "canUpdateUI": true,
    "channel": "mobile",
    "context": {},
    "dataDiffs": {
        "height": {
            "type": "string",
            "value": "preferred"
        },
        "id": "CopylblOverviewDetails045fd896a82d54b",
        "left": {
            "type": "string",
            "value": "67%"
        },
        "text": "or sign in with",
        "textStyle": {},
        "top": {
            "type": "string",
            "value": "53%"
        },
        "width": {
            "type": "string",
            "value": "28%"
        },
        "zIndex": 1
    },
    "id": "CopylblOverviewDetails045fd896a82d54b",
    "instanceOf": "mf3eb8e0adb748b1a64dcc245b4cec10",
    "isvisible": false,
    "kuid": "m9aae931ded54ea7ab19538cd818b66f",
    "masterInstance": true,
    "name": "kony.ui.Label",
    "parent": "flxLogin",
    "pf": "frmSignIn",
    "topLevelInstanceKUID": "mdcb87a5cd5842abbfaaeaee33767b53",
    "wType": "Label"
}