{
    "__parentReadjusting__": false,
    "_padding_": [
        0,
        0,
        0,
        0
    ],
    "_skin_": "s35bb02c88dd4346a3e8f5c891d78703",
    "_srcKuid_": "m507d1e2e1154889a232033e04cf90c3",
    "canUpdateUI": true,
    "channel": "mobile",
    "context": {},
    "dataDiffs": {
        "height": {
            "type": "string",
            "value": "preferred"
        },
        "id": "CopylblOverviewDetails0374926068ae84e",
        "left": {
            "type": "string",
            "value": "35.93%"
        },
        "text": "or sign in with",
        "textStyle": {},
        "top": {
            "type": "string",
            "value": "67.63%"
        },
        "width": {
            "type": "string",
            "value": "28%"
        },
        "zIndex": 1
    },
    "id": "CopylblOverviewDetails0374926068ae84e",
    "instanceOf": "m507d1e2e1154889a232033e04cf90c3",
    "isvisible": false,
    "kuid": "m0e4ed312e7842509943a22bc9069e16",
    "masterInstance": true,
    "name": "kony.ui.Label",
    "parent": "flxLogin",
    "pf": "frmSignIn",
    "topLevelInstanceKUID": "mdcb87a5cd5842abbfaaeaee33767b53",
    "wType": "Label"
}