{
    "__parentReadjusting__": false,
    "_padding_": [
        2,
        0,
        0,
        0
    ],
    "_skin_": "sa3b2d0fed4344c198b8a65435eb214f",
    "_srcKuid_": "mf611e1f5f8747719497336fdf0e8ea8",
    "canUpdateUI": true,
    "channel": "mobile",
    "context": {},
    "dataDiffs": {
        "autoCapitalize": "none",
        "containerHeight": "",
        "height": {
            "type": "string",
            "value": "preferred"
        },
        "id": "txtCognitoPasswordCon",
        "left": {
            "type": "string",
            "value": "5%"
        },
        "placeholder": "Conform Password",
        "secureTextEntry": true,
        "text": "",
        "textInputMode": "A",
        "top": {
            "type": "string",
            "value": "28%"
        },
        "width": {
            "type": "string",
            "value": "90%"
        }
    },
    "id": "txtCognitoPasswordCon",
    "instanceOf": "mf611e1f5f8747719497336fdf0e8ea8",
    "isvisible": false,
    "kuid": "m8166df9a6a54d4ea03233e984c228a7",
    "masterInstance": true,
    "name": "kony.ui.TextBox2",
    "parent": "flxLogin",
    "pf": "frmSignIn",
    "topLevelInstanceKUID": "mdcb87a5cd5842abbfaaeaee33767b53",
    "wType": "TextField"
}