{
    "__parentReadjusting__": false,
    "_padding_": [
        2,
        0,
        0,
        0
    ],
    "_skin_": "sa3b2d0fed4344c198b8a65435eb214f",
    "_srcKuid_": "m09981deec654a428c52250fc556eb87",
    "canUpdateUI": true,
    "channel": "mobile",
    "context": {},
    "dataDiffs": {
        "autoCapitalize": "none",
        "containerHeight": "",
        "height": {
            "type": "ref",
            "value": "preferred"
        },
        "id": "txtCognitoPassword",
        "left": {
            "type": "string",
            "value": "5%"
        },
        "placeholder": "Password",
        "secureTextEntry": true,
        "text": "",
        "textInputMode": "A",
        "top": {
            "type": "string",
            "value": "15%"
        },
        "width": {
            "type": "string",
            "value": "90%"
        }
    },
    "id": "txtCognitoPassword",
    "instanceOf": "m09981deec654a428c52250fc556eb87",
    "isvisible": true,
    "kuid": "m7ecfd0628d440bfb68aa87e5460c4ed",
    "masterInstance": true,
    "name": "kony.ui.TextBox2",
    "parent": "flxLogin",
    "pf": "frmSignIn",
    "topLevelInstanceKUID": "mdcb87a5cd5842abbfaaeaee33767b53",
    "wType": "TextField"
}