{
    "__parentReadjusting__": false,
    "_padding_": [
        2,
        0,
        0,
        0
    ],
    "_skin_": "se52e126b7644175b205765898f479fb",
    "_srcKuid_": "m76c5128f7094efc8f0375a71c423cb7",
    "canUpdateUI": true,
    "channel": "mobile",
    "context": {},
    "dataDiffs": {
        "autoCapitalize": "none",
        "containerHeight": "",
        "height": {
            "type": "ref",
            "value": "preferred"
        },
        "id": "txtCognitoUser",
        "left": {
            "type": "string",
            "value": "5%"
        },
        "placeholder": "E-mail",
        "secureTextEntry": false,
        "text": "",
        "textInputMode": "A",
        "top": {
            "type": "string",
            "value": "3%"
        },
        "width": {
            "type": "string",
            "value": "90%"
        }
    },
    "id": "txtCognitoUser",
    "instanceOf": "m76c5128f7094efc8f0375a71c423cb7",
    "isvisible": true,
    "kuid": "md982c0a0f6348cfa16b96188671a618",
    "masterInstance": true,
    "name": "kony.ui.TextBox2",
    "parent": "flxLogin",
    "pf": "frmSignIn",
    "topLevelInstanceKUID": "mdcb87a5cd5842abbfaaeaee33767b53",
    "wType": "TextField"
}