{
    "DNDConfig": null,
    "__parentReadjusting__": false,
    "_enabled_": false,
    "_height_": {
        "type": "string",
        "value": "40dp"
    },
    "_margin_": [
        6,
        6,
        6,
        6
    ],
    "_padding_": [
        0,
        0,
        0,
        0
    ],
    "_render_": true,
    "_right_": {
        "type": "string",
        "value": "20dp"
    },
    "_skin_": "sa978c877fad41cbb983f97d742fa353",
    "_text_": "Invoke",
    "_top_": {
        "type": "string",
        "value": "300dp"
    },
    "_width_": {
        "type": "string",
        "value": "45%"
    },
    "annotationId": "f44f492bd4184d37810ae503d29474cd",
    "canUpdateUI": true,
    "channel": "mobile",
    "containerweight": 100,
    "contentalignment": 5,
    "displaytext": true,
    "focusskin": "sa978c877fad41cbb983f97d742fa353",
    "id": "bntLambdaInvoke",
    "ide_onClick": "AS_Button_f3a64a070a26468a824c9c5ef1d986ac",
    "info": null,
    "isvisible": true,
    "kuid": "6744a9e1089f42f98d96581ceca6337b",
    "name": "kony.ui.Button",
    "onclick": "AS_Button_56921ab9b45943719b6ddb0c18785526",
    "parent": "frmClogic",
    "pf": "frmClogic",
    "wType": "Button",
    "widgetalignment": 5,
    "zindex": 1
}