{
    "DNDConfig": null,
    "__parentReadjusting__": false,
    "_enabled_": false,
    "_height_": {
        "type": "string",
        "value": "40dp"
    },
    "_left_": {
        "type": "string",
        "value": "20dp"
    },
    "_margin_": [
        6,
        6,
        6,
        6
    ],
    "_padding_": [
        0,
        0,
        0,
        0
    ],
    "_render_": true,
    "_skin_": "sa978c877fad41cbb983f97d742fa353",
    "_text_": "Reset",
    "_top_": {
        "type": "string",
        "value": "300dp"
    },
    "_width_": {
        "type": "string",
        "value": "40%"
    },
    "annotationId": "243758763b6040c5890b1e9d44925c24",
    "canUpdateUI": true,
    "channel": "mobile",
    "containerweight": 100,
    "contentalignment": 5,
    "displaytext": true,
    "focusskin": "sa978c877fad41cbb983f97d742fa353",
    "id": "Button0aa44fcf93d4344",
    "ide_onClick": "AS_Button_fa1b3fbcd60e46278318abd271d820c0",
    "info": null,
    "isvisible": true,
    "kuid": "f86892ae32484b70a275f81b644919c3",
    "name": "kony.ui.Button",
    "onclick": "AS_Button_3674a24d37d94b009555d8b23c1634c1",
    "parent": "frmClogic",
    "pf": "frmClogic",
    "wType": "Button",
    "widgetalignment": 5,
    "zindex": 1
}