{
    "DNDConfig": null,
    "__parentReadjusting__": false,
    "_height_": {
        "type": "string",
        "value": "150dp"
    },
    "_left_": {
        "type": "string",
        "value": "20dp"
    },
    "_margin_": [
        2,
        2,
        2,
        2
    ],
    "_padding_": [
        2,
        2,
        2,
        2
    ],
    "_placeholder_": "",
    "_render_": true,
    "_skin_": "sb9a186232b1421caaaf65900bbf192c",
    "_text_": "",
    "_top_": {
        "type": "string",
        "value": "390dp"
    },
    "_width_": {
        "type": "string",
        "value": "88%"
    },
    "annotationId": "a02ebae1bbb14721b50cc7a1527e46f7",
    "autocapitalize": "none",
    "autocomplete": false,
    "autocorrect": false,
    "autofilter": false,
    "canUpdateUI": true,
    "channel": "mobile",
    "closebuttontext": "",
    "containerheight": "",
    "containerheightmode": 1,
    "containerweight": 100,
    "contentalignment": 1,
    "enabled": false,
    "focusskin": "sb9a186232b1421caaaf65900bbf192c",
    "id": "CopyTextArea012fe71368c304b",
    "info": null,
    "isvisible": false,
    "keyboardactionlabel": "",
    "keyboardstyle": "A",
    "keyboardtype": "A",
    "kuid": "6f03f8d9c9a946a98d65a4a286dc594a",
    "mode": "A",
    "name": "kony.ui.TextArea2",
    "numberofvisiblelines": 3,
    "parent": "frmClogic",
    "pf": "frmClogic",
    "securetextentry": false,
    "showclosebutton": false,
    "showoprogressindicator": true,
    "showprogressindicator": false,
    "textinputmode": "A",
    "tooltip": "",
    "viewtype": "default",
    "wType": "TextArea",
    "widgetalignment": 5,
    "zindex": 1
}