{
    "DNDConfig": null,
    "__parentReadjusting__": false,
    "_height_": {
        "type": "ref",
        "value": "preferred"
    },
    "_left_": {
        "type": "string",
        "value": "0dp"
    },
    "_margin_": [
        1,
        1,
        1,
        1
    ],
    "_padding_": [
        0,
        0,
        0,
        0
    ],
    "_render_": true,
    "_skin_": "s8b33c97afc3403a895e212d181a3e30",
    "_text_": "Result",
    "_top_": {
        "type": "string",
        "value": "360dp"
    },
    "_width_": {
        "type": "string",
        "value": "100%"
    },
    "_wrapping_": 2,
    "annotationId": "4dc69ab81a8844a4a32b6664ca0e7166",
    "canUpdateUI": true,
    "channel": "mobile",
    "containerweight": 100,
    "contentalignment": 5,
    "enabled": false,
    "id": "CopyLabel044b38899b0f44e",
    "info": null,
    "ipad": {
        "psp": {
            "wrapping": 2
        }
    },
    "iphone": {
        "@class": "com.kony.gen.viz.model.component.property.label.IPhoneLabelProperty",
        "psp": {
            "wrapping": 2
        }
    },
    "isvisible": true,
    "kuid": "4dccd7bd001042a094d94ddb9ffacfd6",
    "name": "kony.ui.Label",
    "parent": "frmClogic",
    "pf": "frmClogic",
    "tooltip": "",
    "wType": "Label",
    "widgetalignment": 5
}