{
    "DNDConfig": null,
    "__parentReadjusting__": false,
    "_height_": {
        "type": "string",
        "value": "150dp"
    },
    "_left_": {
        "type": "string",
        "value": "20dp"
    },
    "_margin_": [
        0,
        0,
        0,
        0
    ],
    "_padding_": [
        0,
        0,
        0,
        0
    ],
    "_render_": true,
    "_skin_": "s9e7730ab0284e4c940f55ed6ecc0e9f",
    "_top_": {
        "type": "string",
        "value": "390dp"
    },
    "_width_": {
        "type": "string",
        "value": "88%"
    },
    "allboxes": [],
    "autogrowmode": 0,
    "canUpdateUI": true,
    "channel": "mobile",
    "children": [
        "lblResult"
    ],
    "clipbounds": true,
    "containerweight": 100,
    "enabled": false,
    "enablescrolling": true,
    "id": "FlexContainer0a352ed71d08a4c",
    "info": null,
    "isvisible": true,
    "kuid": "0885a7a9b5cc491bbe11ccb5da182fde",
    "layouttype": 2,
    "name": "kony.ui.FlexContainer",
    "orientation": 6,
    "parent": "frmClogic",
    "percent": true,
    "pf": "frmClogic",
    "snapgridsize": 10,
    "snaptogrid": true,
    "wType": "FlexContainer",
    "widgetalignment": 1,
    "zindex": 1
}