{
    "DNDConfig": null,
    "__parentReadjusting__": false,
    "_height_": {
        "type": "string",
        "value": "40dp"
    },
    "_left_": {
        "type": "string",
        "value": "20dp"
    },
    "_margin_": [
        0,
        0,
        0,
        0
    ],
    "_padding_": [
        2,
        0,
        0,
        0
    ],
    "_placeholder_": "",
    "_render_": true,
    "_skin_": "s666d5c7131e4ac1901cce1513b500d6",
    "_text_": "hello-world",
    "_top_": {
        "type": "string",
        "value": "40dp"
    },
    "_width_": {
        "type": "string",
        "value": "88%"
    },
    "annotationId": "457502667a554aa797e9e66179717f33",
    "autocapitalize": "none",
    "autocomplete": false,
    "autocorrect": false,
    "autofilter": false,
    "canUpdateUI": true,
    "channel": "mobile",
    "containerheight": "",
    "containerheightmode": 1,
    "containerweight": 100,
    "contentalignment": 4,
    "enabled": false,
    "focusskin": "s666d5c7131e4ac1901cce1513b500d6",
    "id": "txtFunction",
    "info": null,
    "isvisible": true,
    "keyboardtype": "A",
    "kuid": "d41c327f70ee42a48e7158038e1a9f44",
    "mode": "A",
    "name": "kony.ui.TextBox2",
    "paddinginpixel": false,
    "parent": "frmClogic",
    "pf": "frmClogic",
    "securetextentry": false,
    "textinputmode": "A",
    "tooltip": "",
    "viewtype": "default",
    "wType": "TextField",
    "widgetalignment": 5,
    "zindex": 1
}