{
    "active": 1,
    "comments": {},
    "requirements": {
        "1f2fb78b4b574b5e8b6902f7efee0079": {
            "b5bd-410f-ceb8-74b1-1db3-1b56": {
                "createdById": "",
                "createdBy": "Anonymous",
                "createdByEmail": "",
                "label": "F",
                "createdOn": "1476982443106",
                "lastModifiedTime": 1476982443426,
                "active": 1,
                "widgetId": "1f2fb78b4b574b5e8b6902f7efee0079",
                "formId": "1f2fb78b4b574b5e8b6902f7efee0079",
                "channel": "mobile",
                "requirementId": "b5bd-410f-ceb8-74b1-1db3-1b56",
                "body": "<p>This page is pretty simple. do more</p><p><br></p>"
            }
        }
    },
    "projectGuid": "4eb3d4b4-1363-4d3a-9d88-a172a3cfdb68",
    "accountGuid": "944ad2ba-2fd3-42bc-a25a-88723d35827e",
    "prototypeGuid": "Q1WB9",
    "id": "1f2fb78b4b574b5e8b6902f7efee0079",
    "channel": "mobile",
    "createdOn": 1478014526394,
    "noteGuid": "622bf099-131e-4e57-800a-36873901ed4a",
    "synced_on": "2016-11-22T06:42:25.419Z"
}