{
    "active": 1,
    "comments": {
        "b16056cdd54d43aea2acf900b55e0033": {
            "0af0-d560-c600-7a21-0d64-9b89": {
                "commentId": "0af0-d560-c600-7a21-0d64-9b89",
                "widgetId": "b16056cdd54d43aea2acf900b55e0033",
                "formId": "b16056cdd54d43aea2acf900b55e0033",
                "createdOn": 1450202114000,
                "createdById": "22bd7075-5473-45f1-9060-13fefd35bbfd",
                "createdBy": "matt trevathan",
                "createdByEmail": "matt.trevathan@kony.com",
                "lastModifiedTime": 1450202114000,
                "comment": "great page",
                "commentSrc": "functional preview",
                "active": 1,
                "channel": "mobile"
            }
        }
    },
    "projectGuid": "4eb3d4b4-1363-4d3a-9d88-a172a3cfdb68",
    "accountGuid": "944ad2ba-2fd3-42bc-a25a-88723d35827e",
    "prototypeGuid": "Q1WB9",
    "id": "b16056cdd54d43aea2acf900b55e0033",
    "channel": "mobile",
    "createdOn": 1452266123540,
    "noteGuid": "1c744ade-ee15-43a6-a7f7-2e9e46b98750",
    "synced_on": "2016-11-22T06:42:25.419Z"
}