{
    "active": 1,
    "comments": {
        "bdb62212d04341d19b37b177eaf487aa": {
            "89d7-b337-ed97-e222-08a5-9108": {
                "commentId": "89d7-b337-ed97-e222-08a5-9108",
                "widgetId": "bdb62212d04341d19b37b177eaf487aa",
                "formId": "bdb62212d04341d19b37b177eaf487aa",
                "createdOn": 1450130008000,
                "createdById": "22bd7075-5473-45f1-9060-13fefd35bbfd",
                "createdBy": "matt trevathan",
                "createdByEmail": "matt.trevathan@kony.com",
                "lastModifiedTime": 1450130008000,
                "comment": "hello",
                "commentSrc": "functional preview",
                "active": 1,
                "channel": "mobile"
            }
        }
    },
    "projectGuid": "4eb3d4b4-1363-4d3a-9d88-a172a3cfdb68",
    "accountGuid": "944ad2ba-2fd3-42bc-a25a-88723d35827e",
    "prototypeGuid": "Q1WB9",
    "id": "bdb62212d04341d19b37b177eaf487aa",
    "channel": "mobile",
    "createdOn": 1450137767463,
    "noteGuid": "d4de8b40-bd1a-44cd-8af0-1785f74215e6",
    "synced_on": "2016-11-22T06:42:25.419Z"
}