{
    "active": 1,
    "comments": {
        "dc6487cea29d45d88993f972cd130c7e": {
            "4dbd-8c2e-9f1b-fd04-2f5a-7df8": {
                "commentId": "4dbd-8c2e-9f1b-fd04-2f5a-7df8",
                "widgetId": "dc6487cea29d45d88993f972cd130c7e",
                "formId": "dc6487cea29d45d88993f972cd130c7e",
                "createdOn": 1450129188000,
                "createdById": "22bd7075-5473-45f1-9060-13fefd35bbfd",
                "createdBy": "matt trevathan",
                "createdByEmail": "matt.trevathan@kony.com",
                "lastModifiedTime": 1450129188000,
                "comment": "i like lambda",
                "commentSrc": "functional preview",
                "active": 1,
                "channel": "mobile"
            },
            "5704-b23a-68cf-f457-9c8b-42d4": {
                "commentId": "5704-b23a-68cf-f457-9c8b-42d4",
                "widgetId": "dc6487cea29d45d88993f972cd130c7e",
                "formId": "dc6487cea29d45d88993f972cd130c7e",
                "createdOn": 1450129226000,
                "createdById": "22bd7075-5473-45f1-9060-13fefd35bbfd",
                "createdBy": "matt trevathan",
                "createdByEmail": "matt.trevathan@kony.com",
                "lastModifiedTime": 1450129226000,
                "comment": "hello",
                "commentSrc": "functional preview",
                "active": 1,
                "channel": "mobile"
            }
        }
    },
    "projectGuid": "4eb3d4b4-1363-4d3a-9d88-a172a3cfdb68",
    "accountGuid": "944ad2ba-2fd3-42bc-a25a-88723d35827e",
    "prototypeGuid": "Q1WB9",
    "id": "dc6487cea29d45d88993f972cd130c7e",
    "channel": "mobile",
    "createdOn": 1450137767465,
    "noteGuid": "c8458e4c-aad8-4446-872f-84be24d6f7c1",
    "synced_on": "2016-11-22T06:42:25.419Z"
}