{
    "DNDConfig": null,
    "_headers_": [],
    "_margin_": [
        0,
        0,
        0,
        0
    ],
    "_padding_": [
        0,
        0,
        0,
        0
    ],
    "_render_": true,
    "_skin_": "s440a1e3ab4e4a76be80f613b45757e9",
    "_title_": "example-image-1.png",
    "addWidgetsdone": false,
    "allboxes": [],
    "android": {
        "@class": "com.kony.gen.viz.model.container.property.scrollflexform.AndroidScrollFlexFormProperty",
        "needAppMenu": false,
        "titleBar": true
    },
    "annotationId": "458a27f99491437da3f48bccfaf23f66",
    "canUpdateUI": true,
    "centerx": "",
    "centery": "",
    "channel": "mobile",
    "children": [
        "FlexContainer04b732d5f9cb84b"
    ],
    "containerweight": 100,
    "contentoffsetx": 0,
    "contentoffsety": 0,
    "contentsizeheight": 0,
    "contentsizewidth": 0,
    "currentLocale": "default",
    "desktopweb": {
        "needAppMenu": false
    },
    "device": "iPhone6",
    "displayorientation": 1,
    "enabled": false,
    "enabledforidletimeout": false,
    "footeroverlap": false,
    "header": "frmImageOpen_header",
    "id": "frmImageOpen",
    "info": null,
    "initdone": false,
    "inputaccessoryviewtype": 4,
    "invokedProperty": "headers",
    "ipad": {
        "psp": {
            "inputAccessoryViewType": 4
        }
    },
    "iphone": {
        "@class": "com.kony.gen.viz.model.container.property.scrollflexform.IPhoneScrollFlexFormProperty",
        "needAppMenu": false,
        "psp": {
            "inputAccessoryViewType": 4,
            "titleBarConfig": {
                "buttonText": "Edit",
                "leftButtonText": "Back",
                "leftTitle": "Back",
                "prevFormTitle": false,
                "renderTitleText": true,
                "rightTitle": "Edit",
                "titleBarLeftSideView": "button",
                "titleBarRightSideView": "none",
                "titleClosureLeftSideView": "",
                "titleClosureRightSideView": "",
                "visible": true
            }
        },
        "titleBar": true
    },
    "isvisible": true,
    "kuid": "458a27f99491437da3f48bccfaf23f66",
    "layouttype": 2,
    "name": "kony.ui.Form2",
    "needappmenu": true,
    "orientation": 1,
    "paddinginpixel": false,
    "percent": true,
    "platform": "iphone",
    "postshow": "AS_Form_727fec50d42d451990be1dac4582f10b",
    "prevDevice": "iPhone6PlusZoomed",
    "prevPlatform": "iphone",
    "retainscrollposition": false,
    "shellCSS": "iOS_iPhone6",
    "snapgridsize": 10,
    "snaptogrid": true,
    "spaan": {
        "@class": "com.kony.gen.viz.model.container.property.scrollflexform.SPAAndroidScrollFlexFormProperty",
        "needAppMenu": false
    },
    "spabb": {
        "@class": "com.kony.gen.viz.model.container.property.scrollflexform.SPABBScrollFlexFormProperty",
        "needAppMenu": false
    },
    "spaip": {
        "@class": "com.kony.gen.viz.model.container.property.scrollflexform.SPAIPhoneScrollFlexFormProperty",
        "needAppMenu": false
    },
    "spawinphone8": {
        "@class": "com.kony.gen.viz.model.container.property.scrollflexform.SPAWinPhone8ScrollFlexFormProperty",
        "needAppMenu": false
    },
    "titleBarSkin": "sbf38934cb4c4492903abb098c46d925",
    "titlebar": true,
    "type": 3,
    "wType": "Form",
    "widgetalignment": 5,
    "winphone8": {
        "@class": "com.kony.gen.viz.model.container.property.scrollflexform.WinPhone8ScrollFlexFormProperty",
        "needAppMenu": false
    }
}