{
    "DNDConfig": null,
    "__parentReadjusting__": false,
    "_base64_": null,
    "_height_": {
        "type": "string",
        "value": "100%"
    },
    "_left_": {
        "type": "string",
        "value": "0dp"
    },
    "_margin_": [
        0,
        0,
        0,
        0
    ],
    "_padding_": [
        0,
        0,
        0,
        0
    ],
    "_render_": true,
    "_skin_": "seed3c3e8cf946b5830e3a6da7983aec",
    "_src_": "imagedrag.png",
    "_top_": {
        "type": "string",
        "value": "0dp"
    },
    "_width_": {
        "type": "string",
        "value": "100%"
    },
    "canUpdateUI": true,
    "channel": "mobile",
    "containerweight": 100,
    "context": {
        "channel": "mobile",
        "formID": "frmImageOpen",
        "ispercent": true,
        "platform": "iphone",
        "templateType": "forms",
        "topLevelBox": null
    },
    "enabled": false,
    "id": "imgLocal",
    "imagescalemode": 1,
    "info": null,
    "isvisible": true,
    "kuid": "e7f5bc890294484fb5e41c65ceb287df",
    "name": "kony.ui.Image2",
    "parent": "FlexContainer04b732d5f9cb84b",
    "pf": "frmImageOpen",
    "srcType": 1,
    "wType": "Image",
    "widgetalignment": 5
}