{
    "__parentReadjusting__": false,
    "_padding_": [
        0,
        0,
        0,
        0
    ],
    "_skin_": "se505a622d3645a584fc5ca42ba57866",
    "_srcKuid_": "me67284603a54353b740e230df4fad3c",
    "canUpdateUI": true,
    "channel": "mobile",
    "children": [
        "txtCognitoUser",
        "txtCognitoPassword",
        "txtCognitoPasswordCon",
        "btnCoginitoLogin",
        "CopylblOverviewDetails0564c2b9de1e143",
        "btnCognitoFacebook",
        "CopylblOverviewDetails0374926068ae84e",
        "CopylblOverviewDetails03685fb79b7bf40",
        "CopylblOverviewDetails045fd896a82d54b",
        "btnNewAcc"
    ],
    "context": {},
    "dataDiffs": {
        "clipBounds": true,
        "enableScrolling": true,
        "height": {
            "type": "string",
            "value": "80%"
        },
        "id": "flxLogin",
        "layoutType": 2,
        "left": {
            "type": "string",
            "value": "0dp"
        },
        "snapGridSize": 10,
        "snapToGrid": true,
        "top": {
            "type": "string",
            "value": "0dp"
        },
        "width": {
            "type": "string",
            "value": "100%"
        },
        "zIndex": 3
    },
    "id": "flxLogin",
    "instanceOf": "me67284603a54353b740e230df4fad3c",
    "isTopFlexInstance": true,
    "isvisible": true,
    "kuid": "mdcb87a5cd5842abbfaaeaee33767b53",
    "layouttype": 2,
    "masterInstance": true,
    "name": "kony.ui.FlexContainer",
    "parent": "frmSignIn",
    "pf": "frmSignIn",
    "vizProps": {
        "hidewidgethierarchy": false
    },
    "wType": "FlexContainer"
}