{
    "DNDConfig": null,
    "__parentReadjusting__": false,
    "_enabled_": false,
    "_height_": {
        "type": "string",
        "value": "10%"
    },
    "_left_": {
        "type": "string",
        "value": "15%"
    },
    "_margin_": [
        6,
        6,
        6,
        6
    ],
    "_padding_": [
        0,
        0,
        0,
        0
    ],
    "_render_": true,
    "_skin_": "sba6728e27e54e4da4fc3a81f4132052",
    "_text_": "Button",
    "_top_": {
        "type": "string",
        "value": "75.36%"
    },
    "_width_": {
        "type": "string",
        "value": "70%"
    },
    "canUpdateUI": true,
    "childInstances": [
        "mbe41dbab56d4951956451012e50852c"
    ],
    "containerweight": 100,
    "contentalignment": 5,
    "displaytext": false,
    "focusskin": "s05cc329399c4ca3ab49847b6c7a49e4",
    "id": "btnCognitoFacebook",
    "info": null,
    "isvisible": false,
    "kuid": "ma411b2467d04a11922ba5215eb6a9b0",
    "name": "kony.ui.Button",
    "parent": "flxLogin",
    "pf": "LoginMaster",
    "wType": "Button",
    "widgetalignment": 5,
    "zindex": 1
}