{
    "DNDConfig": null,
    "__parentReadjusting__": false,
    "_enabled_": false,
    "_height_": {
        "type": "string",
        "value": "10%"
    },
    "_left_": {
        "type": "string",
        "value": "15.07%"
    },
    "_margin_": [
        6,
        6,
        6,
        6
    ],
    "_padding_": [
        0,
        0,
        0,
        0
    ],
    "_render_": true,
    "_skin_": "sefaa93aa2764cd0aad60f52d9e56b17",
    "_text_": "Sign In",
    "_top_": {
        "type": "string",
        "value": "40.60%"
    },
    "_width_": {
        "type": "string",
        "value": "70%"
    },
    "canUpdateUI": true,
    "childInstances": [
        "m34f8dcce1b84d739aa5eea7de41b07f"
    ],
    "containerweight": 100,
    "contentalignment": 5,
    "displaytext": true,
    "focusskin": "s05cc329399c4ca3ab49847b6c7a49e4",
    "id": "btnCoginitoLogin",
    "ide_onClick": "AS_Button_fb961ea47d8e482292cf363f1b9f6cdc",
    "info": null,
    "isvisible": true,
    "kuid": "m03cd697f7d84acc9f109ec2d38d7cb1",
    "name": "kony.ui.Button",
    "parent": "flxLogin",
    "pf": "LoginMaster",
    "wType": "Button",
    "widgetalignment": 5,
    "zindex": 1
}