{
    "@class": "com.kony.gen.viz.model.component.KVizButton",
    "DNDConfig": null,
    "__parentReadjusting__": false,
    "_height_": {
        "type": "string",
        "value": "preferred"
    },
    "_left_": {
        "type": "string",
        "value": "5%"
    },
    "_margin_": [
        6,
        6,
        6,
        6
    ],
    "_padding_": [
        0,
        0,
        0,
        0
    ],
    "_skin_": "s53860f2e07441aca9aee4e7d472dbc5",
    "_text_": "Create New Account",
    "_top_": {
        "type": "string",
        "value": "57.97%"
    },
    "_width_": {
        "type": "string",
        "value": "44%"
    },
    "canUpdateUI": true,
    "childInstances": [
        "me096641617d49aeb18129f324f3e784"
    ],
    "containerweight": 100,
    "contentalignment": 5,
    "displaytext": true,
    "focusskin": "s6eafa73ae3041f7afd797f691aabe7a",
    "id": "btnNewAcc",
    "ide_onClick": "AS_Button_f1e80015898e4a5a9a39579c976ce523",
    "info": null,
    "isvisible": true,
    "kuid": "m5282b29d7484c199cfa9f0c768edc6e",
    "name": "kony.ui.Button",
    "parent": "flxLogin",
    "pf": "LoginMaster",
    "wType": "Button",
    "zindex": 1
}