{
    "DNDConfig": null,
    "__parentReadjusting__": false,
    "_height_": {
        "type": "string",
        "value": "preferred"
    },
    "_left_": {
        "type": "string",
        "value": "5%"
    },
    "_margin_": [
        1,
        1,
        1,
        1
    ],
    "_padding_": [
        0,
        0,
        0,
        0
    ],
    "_render_": true,
    "_skin_": "s028b6d97ec64e7e8e1f9b03d54cc59e",
    "_text_": "or sign in with",
    "_top_": {
        "type": "string",
        "value": "53%"
    },
    "_width_": {
        "type": "string",
        "value": "28%"
    },
    "_wrapping_": 2,
    "annotationId": "49dcc331662248728b8eac000deacc0c",
    "canUpdateUI": true,
    "childInstances": [
        "mbc89bc65a4c4e22818d14dfe0515a46"
    ],
    "containerweight": 100,
    "contentalignment": 8,
    "enabled": false,
    "id": "CopylblOverviewDetails03685fb79b7bf40",
    "info": null,
    "ipad": {
        "psp": {
            "wrapping": 2
        }
    },
    "iphone": {
        "@class": "com.kony.gen.viz.model.component.property.label.IPhoneLabelProperty",
        "psp": {
            "wrapping": 2
        }
    },
    "isvisible": false,
    "kuid": "m05ad6a3e6f64ec996243c4ff5b1d971",
    "name": "kony.ui.Label",
    "parent": "flxLogin",
    "pf": "LoginMaster",
    "tooltip": "",
    "wType": "Label",
    "widgetalignment": 5,
    "zindex": 1
}