{
    "DNDConfig": null,
    "__parentReadjusting__": false,
    "_height_": {
        "type": "string",
        "value": "preferred"
    },
    "_left_": {
        "type": "string",
        "value": "67%"
    },
    "_margin_": [
        1,
        1,
        1,
        1
    ],
    "_padding_": [
        0,
        0,
        0,
        0
    ],
    "_render_": true,
    "_skin_": "s028b6d97ec64e7e8e1f9b03d54cc59e",
    "_text_": "or sign in with",
    "_top_": {
        "type": "string",
        "value": "53%"
    },
    "_width_": {
        "type": "string",
        "value": "28%"
    },
    "_wrapping_": 2,
    "annotationId": "49dcc331662248728b8eac000deacc0c",
    "canUpdateUI": true,
    "childInstances": [
        "m9aae931ded54ea7ab19538cd818b66f"
    ],
    "containerweight": 100,
    "contentalignment": 8,
    "enabled": false,
    "id": "CopylblOverviewDetails045fd896a82d54b",
    "info": null,
    "ipad": {
        "psp": {
            "wrapping": 2
        }
    },
    "iphone": {
        "@class": "com.kony.gen.viz.model.component.property.label.IPhoneLabelProperty",
        "psp": {
            "wrapping": 2
        }
    },
    "isvisible": false,
    "kuid": "mf3eb8e0adb748b1a64dcc245b4cec10",
    "name": "kony.ui.Label",
    "parent": "flxLogin",
    "pf": "LoginMaster",
    "tooltip": "",
    "wType": "Label",
    "widgetalignment": 5,
    "zindex": 1
}