{
    "DNDConfig": null,
    "__parentReadjusting__": false,
    "_height_": {
        "type": "string",
        "value": "preferred"
    },
    "_left_": {
        "type": "string",
        "value": "35.93%"
    },
    "_margin_": [
        1,
        1,
        1,
        1
    ],
    "_padding_": [
        0,
        0,
        0,
        0
    ],
    "_render_": true,
    "_skin_": "s35bb02c88dd4346a3e8f5c891d78703",
    "_text_": "or sign in with",
    "_top_": {
        "type": "string",
        "value": "67.63%"
    },
    "_width_": {
        "type": "string",
        "value": "28%"
    },
    "_wrapping_": 2,
    "annotationId": "49dcc331662248728b8eac000deacc0c",
    "canUpdateUI": true,
    "childInstances": [
        "m0e4ed312e7842509943a22bc9069e16"
    ],
    "containerweight": 100,
    "contentalignment": 2,
    "enabled": false,
    "id": "CopylblOverviewDetails0374926068ae84e",
    "info": null,
    "ipad": {
        "psp": {
            "wrapping": 2
        }
    },
    "iphone": {
        "@class": "com.kony.gen.viz.model.component.property.label.IPhoneLabelProperty",
        "psp": {
            "wrapping": 2
        }
    },
    "isvisible": false,
    "kuid": "m507d1e2e1154889a232033e04cf90c3",
    "name": "kony.ui.Label",
    "parent": "flxLogin",
    "pf": "LoginMaster",
    "tooltip": "",
    "wType": "Label",
    "widgetalignment": 5,
    "zindex": 1
}