{
    "DNDConfig": null,
    "__parentReadjusting__": false,
    "_height_": {
        "type": "ref",
        "value": "preferred"
    },
    "_left_": {
        "type": "string",
        "value": "51.04%"
    },
    "_margin_": [
        1,
        1,
        1,
        1
    ],
    "_padding_": [
        0,
        0,
        0,
        0
    ],
    "_render_": true,
    "_skin_": "s1858cdce3904be79f354c53329e2480",
    "_text_": "Forgot your password?",
    "_top_": {
        "type": "string",
        "value": "57.93%"
    },
    "_width_": {
        "type": "string",
        "value": "45%"
    },
    "_wrapping_": 2,
    "annotationId": "49dcc331662248728b8eac000deacc0c",
    "canUpdateUI": true,
    "childInstances": [
        "m387fe682a8240a282a23976ff58d41b"
    ],
    "containerweight": 100,
    "contentalignment": 2,
    "enabled": false,
    "id": "CopylblOverviewDetails0564c2b9de1e143",
    "info": null,
    "ipad": {
        "psp": {
            "wrapping": 2
        }
    },
    "iphone": {
        "@class": "com.kony.gen.viz.model.component.property.label.IPhoneLabelProperty",
        "psp": {
            "wrapping": 2
        }
    },
    "isvisible": true,
    "kuid": "m860fb97c9a543848119fc489ac0267a",
    "name": "kony.ui.Label",
    "parent": "flxLogin",
    "pf": "LoginMaster",
    "tooltip": "",
    "wType": "Label",
    "widgetalignment": 5,
    "zindex": 1
}