{
    "DNDConfig": null,
    "__parentReadjusting__": false,
    "_height_": {
        "type": "string",
        "value": "80%"
    },
    "_left_": {
        "type": "string",
        "value": "0dp"
    },
    "_margin_": [
        0,
        0,
        0,
        0
    ],
    "_padding_": [
        0,
        0,
        0,
        0
    ],
    "_render_": true,
    "_skin_": "se505a622d3645a584fc5ca42ba57866",
    "_top_": {
        "type": "string",
        "value": "0dp"
    },
    "_width_": {
        "type": "string",
        "value": "100%"
    },
    "allboxes": [],
    "annotationId": "453ecedc14fc44b7b85e3572d621741e",
    "autogrowmode": 0,
    "canUpdateUI": true,
    "childInstances": [
        "mdcb87a5cd5842abbfaaeaee33767b53"
    ],
    "children": [
        "txtCognitoUser",
        "txtCognitoPassword",
        "txtCognitoPasswordCon",
        "btnCoginitoLogin",
        "CopylblOverviewDetails0564c2b9de1e143",
        "btnCognitoFacebook",
        "CopylblOverviewDetails0374926068ae84e",
        "CopylblOverviewDetails03685fb79b7bf40",
        "CopylblOverviewDetails045fd896a82d54b",
        "btnNewAcc"
    ],
    "clipbounds": true,
    "containerweight": 100,
    "enabled": false,
    "enablescrolling": true,
    "id": "flxLogin",
    "info": null,
    "isvisible": true,
    "kuid": "me67284603a54353b740e230df4fad3c",
    "layouttype": 2,
    "masterTopLevelFlex": true,
    "name": "kony.ui.FlexContainer",
    "orientation": 6,
    "parent": "LoginMaster",
    "percent": true,
    "pf": "LoginMaster",
    "snapgridsize": 10,
    "snaptogrid": true,
    "vizProps": {
        "hidewidgethierarchy": false
    },
    "wType": "FlexContainer",
    "widgetalignment": 1,
    "zindex": 3
}