{
    "DNDConfig": null,
    "__parentReadjusting__": false,
    "_height_": {
        "type": "ref",
        "value": "preferred"
    },
    "_left_": {
        "type": "string",
        "value": "5%"
    },
    "_margin_": [
        0,
        0,
        0,
        0
    ],
    "_padding_": [
        2,
        0,
        0,
        0
    ],
    "_placeholder_": "E-mail",
    "_render_": true,
    "_skin_": "se52e126b7644175b205765898f479fb",
    "_text_": "",
    "_top_": {
        "type": "string",
        "value": "3%"
    },
    "_width_": {
        "type": "string",
        "value": "90%"
    },
    "autocapitalize": "none",
    "autocomplete": false,
    "autocorrect": false,
    "autofilter": false,
    "canUpdateUI": true,
    "childInstances": [
        "md982c0a0f6348cfa16b96188671a618"
    ],
    "containerheight": "",
    "containerheightmode": 1,
    "containerweight": 100,
    "contentalignment": 4,
    "disabledSkins": {
        "focusSkin": "s945f2b281674700b1750382cec1f01b"
    },
    "enabled": false,
    "id": "txtCognitoUser",
    "info": null,
    "isvisible": true,
    "keyboardtype": "A",
    "kuid": "m76c5128f7094efc8f0375a71c423cb7",
    "mode": "A",
    "name": "kony.ui.TextBox2",
    "paddinginpixel": false,
    "parent": "flxLogin",
    "pf": "LoginMaster",
    "placeholderskin": "s34d79310ee44401a711a2eb7abab486",
    "securetextentry": false,
    "textinputmode": "A",
    "tooltip": "",
    "viewtype": "default",
    "wType": "TextField",
    "widgetalignment": 5
}