{
    "DNDConfig": null,
    "__parentReadjusting__": false,
    "_height_": {
        "type": "string",
        "value": "preferred"
    },
    "_left_": {
        "type": "string",
        "value": "5%"
    },
    "_margin_": [
        0,
        0,
        0,
        0
    ],
    "_padding_": [
        2,
        0,
        0,
        0
    ],
    "_placeholder_": "Conform Password",
    "_render_": true,
    "_skin_": "sa3b2d0fed4344c198b8a65435eb214f",
    "_text_": "",
    "_top_": {
        "type": "string",
        "value": "28%"
    },
    "_width_": {
        "type": "string",
        "value": "90%"
    },
    "android": {},
    "autocapitalize": "none",
    "autocomplete": false,
    "autocorrect": false,
    "autofilter": false,
    "canUpdateUI": true,
    "childInstances": [
        "m8166df9a6a54d4ea03233e984c228a7"
    ],
    "containerheight": "",
    "containerheightmode": 1,
    "containerweight": 100,
    "contentalignment": 4,
    "enabled": false,
    "id": "txtCognitoPasswordCon",
    "info": null,
    "isvisible": false,
    "keyboardtype": "A",
    "kuid": "mf611e1f5f8747719497336fdf0e8ea8",
    "mode": "A",
    "name": "kony.ui.TextBox2",
    "paddinginpixel": false,
    "parent": "flxLogin",
    "pf": "LoginMaster",
    "placeholderskin": "s34d79310ee44401a711a2eb7abab486",
    "securetextentry": true,
    "textinputmode": "A",
    "tooltip": "",
    "viewtype": "default",
    "wType": "TextField",
    "widgetalignment": 5
}