{
    "@class": "com.kony.gen.viz.model.component.KVizButton",
    "DNDConfig": null,
    "__parentReadjusting__": false,
    "_height_": {
        "type": "string",
        "value": "50dp"
    },
    "_left_": {
        "type": "string",
        "value": "10dp"
    },
    "_margin_": [
        6,
        6,
        6,
        6
    ],
    "_padding_": [
        0,
        0,
        0,
        0
    ],
    "_skin_": "sd4b5d3c48f047b284174e6ed0233c0d",
    "_text_": "Upload",
    "_top_": {
        "type": "string",
        "value": "62dp"
    },
    "_width_": {
        "type": "string",
        "value": "60dp"
    },
    "canUpdateUI": true,
    "containerweight": 100,
    "contentalignment": 5,
    "displaytext": true,
    "focusskin": "s05cc329399c4ca3ab49847b6c7a49e4",
    "id": "Button066ef6b23a53c48",
    "ide_onClick": "AS_Button_58b10d870f9b43118d385d316c4dab9d",
    "info": null,
    "isvisible": false,
    "kuid": "0e483ed4727a4842ae1d04e79e00fc40",
    "name": "kony.ui.Button",
    "parent": "FlexContainer0b13473f745aa4b",
    "pf": "frmUserFileStorage",
    "wType": "Button",
    "zindex": 1
}