{
    "@class": "com.kony.gen.viz.model.component.KVizButton",
    "DNDConfig": null,
    "__parentReadjusting__": false,
    "_height_": {
        "type": "string",
        "value": "50dp"
    },
    "_left_": {
        "type": "string",
        "value": "125dp"
    },
    "_margin_": [
        6,
        6,
        6,
        6
    ],
    "_padding_": [
        0,
        0,
        0,
        0
    ],
    "_skin_": "sd4b5d3c48f047b284174e6ed0233c0d",
    "_text_": "Name",
    "_top_": {
        "type": "string",
        "value": "62dp"
    },
    "_width_": {
        "type": "string",
        "value": "55dp"
    },
    "canUpdateUI": true,
    "containerweight": 100,
    "contentalignment": 5,
    "displaytext": true,
    "focusskin": "s05cc329399c4ca3ab49847b6c7a49e4",
    "id": "CopyButton0c1eb543bd14544",
    "ide_onClick": "AS_Button_18b6c96901244029a7585b83306eaa74",
    "info": null,
    "isvisible": false,
    "kuid": "5897abc8790142a1925d63867099f506",
    "name": "kony.ui.Button",
    "parent": "FlexContainer0b13473f745aa4b",
    "pf": "frmUserFileStorage",
    "wType": "Button",
    "zindex": 1
}