{
    "DNDConfig": null,
    "__parentReadjusting__": false,
    "_enabled_": false,
    "_height_": {
        "type": "string",
        "value": "40dp"
    },
    "_left_": {
        "type": "string",
        "value": "50%"
    },
    "_margin_": [
        6,
        6,
        6,
        6
    ],
    "_padding_": [
        0,
        0,
        0,
        0
    ],
    "_render_": true,
    "_skin_": "sdb9fe8b37bd4d2da0caaf63d0e7ce4a",
    "_text_": "Private",
    "_top_": {
        "type": "string",
        "value": "0dp"
    },
    "_width_": {
        "type": "string",
        "value": "50%"
    },
    "canUpdateUI": true,
    "channel": "mobile",
    "containerweight": 100,
    "contentalignment": 5,
    "displaytext": true,
    "focusskin": "sdb9fe8b37bd4d2da0caaf63d0e7ce4a",
    "id": "CopyButton0b8c79e9aac594d",
    "info": null,
    "isvisible": true,
    "kuid": "bdd8694a82294509a9127730b98d54f2",
    "name": "kony.ui.Button",
    "onclick": "AS_Button_17dfaa6658ef42c0b5243ea5cfa4efe2",
    "parent": "FlexContainer0ef14390d28454a",
    "pf": "frmUserFileStorage",
    "wType": "Button",
    "widgetalignment": 5,
    "zindex": 1
}