{
    "@class": "com.kony.gen.viz.model.component.KVizButton",
    "DNDConfig": null,
    "__parentReadjusting__": false,
    "_height_": {
        "type": "string",
        "value": "50dp"
    },
    "_left_": {
        "type": "string",
        "value": "225dp"
    },
    "_margin_": [
        6,
        6,
        6,
        6
    ],
    "_padding_": [
        0,
        0,
        0,
        0
    ],
    "_skin_": "sd4b5d3c48f047b284174e6ed0233c0d",
    "_text_": "Modified Date",
    "_top_": {
        "type": "string",
        "value": "62dp"
    },
    "_width_": {
        "type": "string",
        "value": "105dp"
    },
    "canUpdateUI": true,
    "containerweight": 100,
    "contentalignment": 5,
    "displaytext": true,
    "focusskin": "s05cc329399c4ca3ab49847b6c7a49e4",
    "id": "CopyButton0f9f148820dbc4b",
    "ide_onClick": "AS_Button_89705506861e4d458f0da17a8dae7393",
    "info": null,
    "isvisible": false,
    "kuid": "064676d32e6e43d38aa0039653ca4cdc",
    "name": "kony.ui.Button",
    "parent": "FlexContainer0b13473f745aa4b",
    "pf": "frmUserFileStorage",
    "wType": "Button",
    "zindex": 1
}