{
    "DNDConfig": null,
    "__parentReadjusting__": false,
    "_enabled_": false,
    "_height_": {
        "type": "string",
        "value": "40dp"
    },
    "_left_": {
        "type": "string",
        "value": "0dp"
    },
    "_margin_": [
        6,
        6,
        6,
        6
    ],
    "_padding_": [
        0,
        0,
        0,
        0
    ],
    "_render_": true,
    "_skin_": "s2a00b0d6d9b459394a1c0b072b9ff52",
    "_text_": "Public",
    "_top_": {
        "type": "string",
        "value": "0dp"
    },
    "_width_": {
        "type": "string",
        "value": "50%"
    },
    "canUpdateUI": true,
    "channel": "mobile",
    "containerweight": 100,
    "contentalignment": 5,
    "displaytext": true,
    "focusskin": "s2a00b0d6d9b459394a1c0b072b9ff52",
    "id": "CopyButton07427a5b1f2544e",
    "info": null,
    "isvisible": true,
    "kuid": "1bcad699bc3f4515b0ea71494c81f4ff",
    "name": "kony.ui.Button",
    "parent": "FlexContainer0ef14390d28454a",
    "pf": "frmUserFileStorage",
    "wType": "Button",
    "widgetalignment": 5,
    "zindex": 1
}