{
    "@class": "com.kony.gen.viz.model.component.KVizLabel",
    "DNDConfig": null,
    "__parentReadjusting__": false,
    "_height_": {
        "type": "string",
        "value": "5%"
    },
    "_left_": {
        "type": "string",
        "value": "27%"
    },
    "_margin_": [
        1,
        1,
        1,
        1
    ],
    "_padding_": [
        0,
        0,
        0,
        0
    ],
    "_skin_": "s70ce31f479947bab320fe046cdfb95f",
    "_text_": "0 KB",
    "_top_": {
        "type": "string",
        "value": "120dp"
    },
    "_width_": {
        "type": "string",
        "value": "preferred"
    },
    "_wrapping_": 2,
    "android": {
        "textStyle": {
            "letterSpacing": 0,
            "strikeThrough": false
        }
    },
    "canUpdateUI": true,
    "containerweight": 100,
    "contentalignment": 4,
    "id": "CopyLabel0bdaa462ffb294f",
    "info": null,
    "ipad": {
        "psp": {
            "wrapping": 2
        }
    },
    "iphone": {
        "psp": {
            "wrapping": 2
        }
    },
    "isvisible": true,
    "kuid": "062ec125cac64cdeae2ab8e43fced69d",
    "name": "kony.ui.Label",
    "parent": "frmUserFileStorage",
    "pf": "frmUserFileStorage",
    "tooltip": "",
    "wType": "Label",
    "zindex": 1
}