{
    "@class": "com.kony.gen.viz.model.component.KVizButton",
    "DNDConfig": null,
    "__parentReadjusting__": false,
    "_height_": {
        "type": "string",
        "value": "50dp"
    },
    "_left_": {
        "type": "string",
        "value": "180dp"
    },
    "_margin_": [
        6,
        6,
        6,
        6
    ],
    "_padding_": [
        0,
        0,
        0,
        0
    ],
    "_skin_": "sd4b5d3c48f047b284174e6ed0233c0d",
    "_text_": "Size",
    "_top_": {
        "type": "string",
        "value": "62dp"
    },
    "_width_": {
        "type": "string",
        "value": "45dp"
    },
    "canUpdateUI": true,
    "containerweight": 100,
    "contentalignment": 5,
    "displaytext": true,
    "focusskin": "s05cc329399c4ca3ab49847b6c7a49e4",
    "id": "CopyButton08df838f8845340",
    "ide_onClick": "AS_Button_fcbf039b144f4d67b186374fb9f7bd97",
    "info": null,
    "isvisible": false,
    "kuid": "39976e48dd2a4c69bffba18d0bbdf794",
    "name": "kony.ui.Button",
    "parent": "FlexContainer0b13473f745aa4b",
    "pf": "frmUserFileStorage",
    "wType": "Button",
    "zindex": 1
}