{
    "DNDConfig": null,
    "__parentReadjusting__": false,
    "_height_": {
        "type": "ref",
        "value": "preferred"
    },
    "_left_": {
        "type": "string",
        "value": "0dp"
    },
    "_margin_": [
        0,
        0,
        0,
        0
    ],
    "_padding_": [
        0,
        0,
        0,
        0
    ],
    "_render_": true,
    "_skin_": "sa430c434d934915b15b139e989e104f",
    "_top_": {
        "type": "string",
        "value": "0dp"
    },
    "_width_": {
        "type": "string",
        "value": "100%"
    },
    "allboxes": [],
    "annotationId": "ee42e5021bc44ce4acf9532fbad9a426",
    "autogrowmode": 1,
    "canUpdateUI": true,
    "channel": "mobile",
    "children": [
        "FlexContainer0ef14390d28454a",
        "Button066ef6b23a53c48",
        "CopyButton0c1eb543bd14544",
        "CopyButton08df838f8845340",
        "CopyButton0f9f148820dbc4b",
        "Label057bd938d9e1842",
        "lblpath"
    ],
    "clipbounds": true,
    "containerweight": 100,
    "enabled": false,
    "enablescrolling": true,
    "id": "FlexContainer0b13473f745aa4b",
    "info": null,
    "isvisible": true,
    "kuid": "ee42e5021bc44ce4acf9532fbad9a426",
    "layouttype": 2,
    "name": "kony.ui.FlexContainer",
    "orientation": 6,
    "parent": "frmUserFileStorage",
    "percent": true,
    "pf": "frmUserFileStorage",
    "snapgridsize": 10,
    "snaptogrid": true,
    "wType": "FlexContainer",
    "widgetalignment": 1
}