{
    "DNDConfig": null,
    "__parentReadjusting__": false,
    "_height_": {
        "type": "string",
        "value": "1dp"
    },
    "_left_": {
        "type": "string",
        "value": "0dp"
    },
    "_margin_": [
        0,
        0,
        0,
        0
    ],
    "_orientation_": 6,
    "_padding_": [
        0,
        0,
        0,
        0
    ],
    "_percent_": true,
    "_skin_": "s64f2a97b07d4aceae87bcd08ae78073",
    "_top_": {
        "type": "string",
        "value": "115dp"
    },
    "_width_": {
        "type": "string",
        "value": "100%"
    },
    "allboxes": [],
    "autogrowmode": 0,
    "canUpdateUI": true,
    "children": [],
    "clipbounds": true,
    "containerweight": 100,
    "enablescrolling": true,
    "id": "FlexContainer0ac60d1e6acf041",
    "info": null,
    "isvisible": true,
    "kuid": "102af970093c4f23893cd09af2dd10f4",
    "layouttype": 2,
    "name": "kony.ui.FlexContainer",
    "parent": "frmUserFileStorage",
    "pf": "frmUserFileStorage",
    "snapgridsize": 10,
    "snaptogrid": true,
    "wType": "FlexContainer",
    "widgetalignment": 1,
    "zindex": 1
}