{
    "DNDConfig": null,
    "__parentReadjusting__": false,
    "_height_": {
        "type": "string",
        "value": "preferred"
    },
    "_left_": {
        "type": "string",
        "value": "5%"
    },
    "_margin_": [
        0,
        0,
        0,
        0
    ],
    "_padding_": [
        0,
        0,
        0,
        0
    ],
    "_render_": true,
    "_skin_": "sf19c5e9c08e42a4a595f16ab0f191c8",
    "_top_": {
        "type": "string",
        "value": "12dp"
    },
    "_width_": {
        "type": "string",
        "value": "90%"
    },
    "allboxes": [],
    "autogrowmode": 1,
    "canUpdateUI": true,
    "channel": "mobile",
    "children": [
        "CopyButton07427a5b1f2544e",
        "CopyButton0b8c79e9aac594d"
    ],
    "clipbounds": true,
    "containerweight": 100,
    "enabled": false,
    "enablescrolling": true,
    "id": "FlexContainer0ef14390d28454a",
    "info": null,
    "isvisible": false,
    "kuid": "002051c238ee4308ba124d48f348d632",
    "layouttype": 2,
    "name": "kony.ui.FlexContainer",
    "orientation": 6,
    "parent": "FlexContainer0b13473f745aa4b",
    "percent": true,
    "pf": "frmUserFileStorage",
    "snapgridsize": 10,
    "snaptogrid": true,
    "wType": "FlexContainer",
    "widgetalignment": 1,
    "zindex": 1
}