{
    "__parentReadjusting__": false,
    "_padding_": [
        0,
        0,
        0,
        0
    ],
    "_skin_": "se505a622d3645a584fc5ca42ba57866",
    "_srcKuid_": "m3d93f642da94ad7a6a2e49111be3379",
    "canUpdateUI": true,
    "channel": "mobile",
    "children": [
        "segContentS3"
    ],
    "context": {},
    "dataDiffs": {
        "clipBounds": true,
        "enableScrolling": true,
        "height": {
            "type": "string",
            "value": "100%"
        },
        "id": "flxS3list",
        "layoutType": 2,
        "left": {
            "type": "string",
            "value": "0dp"
        },
        "snapGridSize": 10,
        "snapToGrid": true,
        "top": {
            "type": "string",
            "value": "0dp"
        },
        "width": {
            "type": "string",
            "value": "100%"
        }
    },
    "id": "flxS3list",
    "ide_onClick": "AS_FlexContainer_2c8d41ae09b440b4a7113bfa3a749e8b",
    "instanceOf": "m3d93f642da94ad7a6a2e49111be3379",
    "isTopFlexInstance": true,
    "isvisible": true,
    "kuid": "mb9df24c0252433f9f170926499b8a3b",
    "layouttype": 2,
    "masterInstance": true,
    "name": "kony.ui.FlexContainer",
    "parent": "frmUserFileStorage",
    "pf": "frmUserFileStorage",
    "vizProps": {
        "hidewidgethierarchy": false
    },
    "wType": "FlexContainer"
}