{
    "DNDConfig": null,
    "_headers_": [],
    "_margin_": [
        0,
        0,
        0,
        0
    ],
    "_padding_": [
        0,
        0,
        0,
        0
    ],
    "_render_": true,
    "_skin_": "s440a1e3ab4e4a76be80f613b45757e9",
    "_title_": "User File Storage",
    "addWidgetsdone": false,
    "allboxes": [],
    "android": {
        "@class": "com.kony.gen.viz.model.container.property.scrollflexform.AndroidScrollFlexFormProperty",
        "needAppMenu": false
    },
    "annotationId": "775b463fd60641fc8ce457c463e3b173",
    "canUpdateUI": true,
    "centerx": "",
    "centery": "",
    "channel": "mobile",
    "children": [
        "FlexContainer0b13473f745aa4b",
        "flxS3list",
        "Label0e4dabc314fcb4d",
        "Label0be7c56769f9741",
        "Label00115b49495d641",
        "Label0669db6a4f28e40",
        "CopyLabel0a6abc9d58a004d",
        "Label09d40a8e86c9e49",
        "CopyLabel0ec2c99d6aa084f",
        "CopyLabel0b4714f35264344",
        "CopyLabel0bdaa462ffb294f",
        "FlexContainer0ac60d1e6acf041"
    ],
    "containerweight": 100,
    "contentoffsetx": 0,
    "contentoffsety": 0,
    "contentsizeheight": 0,
    "contentsizewidth": 0,
    "currentLocale": "default",
    "desktopweb": {
        "needAppMenu": false
    },
    "device": "iPhone6Zoomed",
    "displayorientation": 1,
    "enabled": false,
    "enabledforidletimeout": false,
    "header": "frmUserFileStorage_header",
    "headersId": "7f8ad5dcfdd4462fac1dd3e193b7a098",
    "id": "frmUserFileStorage",
    "ide_postShow": "AS_Form_4478f9a656044c8c80d9f99e3eee1c71",
    "ide_preShow": "AS_Form_a6958e45d39a45f598ed631af3f3cd7e",
    "info": null,
    "initdone": false,
    "inputaccessoryviewtype": 4,
    "invokedProperty": "headers",
    "ipad": {
        "psp": {
            "inputAccessoryViewType": 4
        }
    },
    "iphone": {
        "@class": "com.kony.gen.viz.model.container.property.scrollflexform.IPhoneScrollFlexFormProperty",
        "needAppMenu": false,
        "psp": {
            "inputAccessoryViewType": 4,
            "titleBarConfig": {
                "buttonClosureRightSideView": "AS_TitleBar_ef176c81a3fe4c81a4d05e0850f57eb9",
                "buttonText": "",
                "imageRightSideView": "uploadicon.png",
                "leftButtonText": "Back",
                "leftTitle": "Back",
                "prevFormTitle": false,
                "renderTitleText": false,
                "rightTitle": "Edit",
                "titleBarLeftSideView": "button",
                "titleBarRightSideView": "button",
                "titleClosureLeftSideView": "",
                "titleClosureRightSideView": "",
                "visible": false
            }
        },
        "titleBar": false
    },
    "isvisible": true,
    "kuid": "775b463fd60641fc8ce457c463e3b173",
    "layouttype": 2,
    "name": "kony.ui.Form2",
    "needappmenu": true,
    "orientation": 1,
    "paddinginpixel": false,
    "percent": true,
    "platform": "iphone",
    "preshow": "AS_Form_2cb70fe012904c60b3191687e66a9698",
    "prevDevice": "iPhone6",
    "prevPlatform": "android",
    "retainscrollposition": false,
    "shellCSS": "iOS_iPhone6Zoomed",
    "snapgridsize": 10,
    "snaptogrid": true,
    "spaan": {
        "@class": "com.kony.gen.viz.model.container.property.scrollflexform.SPAAndroidScrollFlexFormProperty",
        "needAppMenu": false
    },
    "spabb": {
        "@class": "com.kony.gen.viz.model.container.property.scrollflexform.SPABBScrollFlexFormProperty",
        "needAppMenu": false
    },
    "spaip": {
        "@class": "com.kony.gen.viz.model.container.property.scrollflexform.SPAIPhoneScrollFlexFormProperty",
        "needAppMenu": false
    },
    "spawinphone8": {
        "@class": "com.kony.gen.viz.model.container.property.scrollflexform.SPAWinPhone8ScrollFlexFormProperty",
        "needAppMenu": false
    },
    "titleBarSkin": "s16b01d656494bb49b53ca9178c8c5f4",
    "titlebar": false,
    "type": 3,
    "wType": "Form",
    "widgetalignment": 5,
    "winphone8": {
        "@class": "com.kony.gen.viz.model.container.property.scrollflexform.WinPhone8ScrollFlexFormProperty",
        "needAppMenu": false
    }
}