{
    "@class": "com.kony.gen.viz.model.component.KVizLabel",
    "DNDConfig": null,
    "__parentReadjusting__": false,
    "_height_": {
        "type": "string",
        "value": "preferred"
    },
    "_margin_": [
        1,
        1,
        1,
        1
    ],
    "_padding_": [
        0,
        0,
        0,
        0
    ],
    "_skin_": "sb6d05e1a3ef45e7bfdfb8842a1d2bee",
    "_text_": "Cache Summary",
    "_top_": {
        "type": "string",
        "value": "70dp"
    },
    "_width_": {
        "type": "string",
        "value": "preferred"
    },
    "_wrapping_": 2,
    "android": {
        "textStyle": {
            "letterSpacing": 0,
            "strikeThrough": false
        }
    },
    "canUpdateUI": true,
    "centerx": {
        "type": "string",
        "value": "50%"
    },
    "containerweight": 100,
    "contentalignment": 4,
    "id": "Label0e4dabc314fcb4d",
    "info": null,
    "ipad": {
        "psp": {
            "wrapping": 2
        }
    },
    "iphone": {
        "psp": {
            "wrapping": 2
        }
    },
    "isvisible": true,
    "kuid": "ca04a0506c384897b5a75db9e974222c",
    "name": "kony.ui.Label",
    "parent": "frmUserFileStorage",
    "pf": "frmUserFileStorage",
    "tooltip": "",
    "wType": "Label",
    "zindex": 1
}