{
    "@class": "com.kony.gen.viz.model.container.KVizSegment2",
    "DNDConfig": null,
    "__parentReadjusting__": false,
    "_data_": [
        {
            "lblIndex": {
                "@class": "com.viz.ide.model.segment.SimpleTextSegmentData",
                "text": ""
            },
            "lblIndexKey": {
                "@class": "com.viz.ide.model.segment.SimpleTextSegmentData",
                "text": ""
            },
            "lblPartition": {
                "@class": "com.viz.ide.model.segment.SimpleTextSegmentData",
                "text": ""
            },
            "lblPartitionKey": {
                "@class": "com.viz.ide.model.segment.SimpleTextSegmentData",
                "text": ""
            },
            "lblSort": {
                "@class": "com.viz.ide.model.segment.SimpleTextSegmentData",
                "text": ""
            },
            "lblSortKey": {
                "@class": "com.viz.ide.model.segment.SimpleTextSegmentData",
                "text": ""
            },
            "lblTableName": {
                "@class": "com.viz.ide.model.segment.SimpleTextSegmentData",
                "text": ""
            }
        }
    ],
    "_height_": {
        "type": "string",
        "value": "98%"
    },
    "_indicator_": "none",
    "_left_": {
        "type": "string",
        "value": "1%"
    },
    "_margin_": [
        0,
        0,
        0,
        0
    ],
    "_orientation_": 2,
    "_padding_": [
        0,
        0,
        0,
        0
    ],
    "_top_": {
        "type": "string",
        "value": "1%"
    },
    "_width_": {
        "type": "string",
        "value": "98%"
    },
    "autogrowmode": 0,
    "canUpdateUI": true,
    "containerweight": 100,
    "counter": "00",
    "focusedindex": null,
    "focuseditem": null,
    "groupcells": false,
    "hasSections": false,
    "id": "segRecords",
    "ide_onRowClick": "AS_Segment_ec3b0e2f7e9f4fe7b44e8362052c085f",
    "info": null,
    "ipad": {
        "psp": {
            "indicator": "rowselect"
        }
    },
    "iphone": {
        "psp": {
            "indicator": "rowselect"
        }
    },
    "isvisible": true,
    "kuid": "463eb3e3699d48958bf1bdb15b3060e2",
    "masterdata": {},
    "name": "kony.ui.SegmentedUI2",
    "needpageindicator": true,
    "pageoffdotimage": "pageoffdot.png",
    "pageondotimage": "pageondot.png",
    "paginationconfig": {
        "position": "bottom"
    },
    "parent": "frmDynamoDB",
    "pf": "frmDynamoDB",
    "retainselection": false,
    "rowTemplateId": "26991efabc514473adc213b8861ea36a",
    "rowcounter": 0,
    "rowfocusskin": "s62fc2780bdf4534b82ae5d29c6e3824",
    "rowskin": "s4b9324e765448589368ffb3e3035813",
    "rowtemplate": "flxTemplate",
    "screenlevelwidget": false,
    "seccounter": 0,
    "sectionheaderskin": "s6c1cde9ad854dce8039a37ca84c34bf",
    "selectedRows": null,
    "selectedState": false,
    "selectedindex": null,
    "selectedindices": null,
    "selecteditems": null,
    "selectedsectionindex": 0,
    "selectionbehavior": "default",
    "separatorcolor": "64646400",
    "separatorrequired": true,
    "separatorthickness": 1,
    "showscrollbars": false,
    "viewtype": "tableview",
    "wType": "Segment",
    "widgetalignment": 5,
    "widgetdatamap": {
        "flxTemplate": "flxTemplate",
        "lblIndex": "lblIndex",
        "lblIndexKey": "lblIndexKey",
        "lblPartition": "lblPartition",
        "lblPartitionKey": "lblPartitionKey",
        "lblSort": "lblSort",
        "lblSortKey": "lblSortKey",
        "lblTableName": "lblTableName"
    },
    "zindex": 1
}