{
    "DNDConfig": null,
    "__valid__": true,
    "_enabled_": false,
    "_margin_": [
        5,
        0,
        5,
        5
    ],
    "_padding_": [
        4,
        4,
        4,
        4
    ],
    "_render_": true,
    "_skin_": "sea48dd0407540f996a93c234b6fed8a",
    "_text_": "Cancel",
    "canUpdateUI": true,
    "channel": "mobile",
    "containerweight": 100,
    "contentalignment": 5,
    "displaytext": true,
    "focusskin": "sea48dd0407540f996a93c234b6fed8a",
    "id": "Button0238c56078d134c",
    "info": null,
    "isvisible": true,
    "kuid": "fb5118fb2efd4d60b8f223b7f812fe21",
    "margininpixel": false,
    "name": "kony.ui.Button",
    "onclick": "AS_Button_50a6c80b385b4f318e01c6a5a4d5685e",
    "paddinginpixel": false,
    "parent": "popupDownload",
    "pf": "popupDownload",
    "wType": "Button",
    "widgetalignment": 5
}