{
    "DNDConfig": null,
    "__valid__": true,
    "_enabled_": false,
    "_margin_": [
        0,
        0,
        0,
        0
    ],
    "_padding_": [
        4,
        4,
        4,
        4
    ],
    "_render_": true,
    "_skin_": "s51acb1f7cea44e4a6ff020ceb6373ab",
    "_text_": "Download",
    "canUpdateUI": true,
    "channel": "mobile",
    "containerweight": 100,
    "contentalignment": 5,
    "displaytext": true,
    "focusskin": "s51acb1f7cea44e4a6ff020ceb6373ab",
    "id": "Button0f6451480e4174a",
    "info": null,
    "isvisible": true,
    "kuid": "e27288bba5544db385a7a7221dca429b",
    "margininpixel": false,
    "name": "kony.ui.Button",
    "onclick": "AS_Button_d48a4fe1821f4154a28d2aaf0e4c1a5c",
    "paddinginpixel": false,
    "parent": "VBox091e0c84e226d46",
    "pf": "popupDownload",
    "wType": "Button",
    "widgetalignment": 8
}