{
    "DNDConfig": null,
    "__valid__": true,
    "_enabled_": false,
    "_margin_": [
        0,
        0,
        0,
        0
    ],
    "_padding_": [
        4,
        4,
        4,
        4
    ],
    "_render_": true,
    "_skin_": "s51acb1f7cea44e4a6ff020ceb6373ab",
    "_text_": "Download & Pin",
    "canUpdateUI": true,
    "channel": "mobile",
    "containerweight": 100,
    "contentalignment": 5,
    "displaytext": true,
    "focusskin": "s51acb1f7cea44e4a6ff020ceb6373ab",
    "id": "CopyButton0f34ca78a67a948",
    "info": null,
    "isvisible": true,
    "kuid": "976b6c5cde144016875429ba0e0aff50",
    "margininpixel": false,
    "name": "kony.ui.Button",
    "onclick": "AS_Button_263329a247dc4eae90019748661aeea4",
    "parent": "VBox091e0c84e226d46",
    "pf": "popupDownload",
    "wType": "Button",
    "widgetalignment": 5
}