{
    "DNDConfig": null,
    "__valid__": true,
    "_margin_": [
        5,
        0,
        5,
        5
    ],
    "_orientation_": 1,
    "_padding_": [
        0,
        0,
        0,
        0
    ],
    "_percent_": true,
    "_position_": 3,
    "_render_": true,
    "_resize_": true,
    "_skin_": "s825434d963c409caeed2fabf631e63a",
    "allboxes": [],
    "canUpdateUI": true,
    "channel": "mobile",
    "children": [
        "VBox091e0c84e226d46"
    ],
    "containerweight": 100,
    "contextmenu": null,
    "enabled": false,
    "id": "HBox0957bcae37dbe44",
    "info": null,
    "isvisible": true,
    "kuid": "457294a1feea41cba5fb55fbe10f1cbb",
    "layouttype": 0,
    "margininpixel": false,
    "name": "kony.ui.Box",
    "parent": "popupDownload",
    "pf": "popupDownload",
    "templateType": "forms",
    "vexpand": true,
    "wType": "HBox",
    "widgetalignment": 8
}