{
    "DNDConfig": null,
    "__valid__": true,
    "_margin_": [
        0,
        0,
        0,
        0
    ],
    "_padding_": [
        0,
        0,
        0,
        0
    ],
    "_render_": true,
    "_skin_": "s90e051bde544e8bad39c0c07e7570e1",
    "_thickness_": 1,
    "canUpdateUI": true,
    "channel": "mobile",
    "containerWeightLocked": false,
    "containerweight": 100,
    "enabled": false,
    "id": "Line065cb55e8b81f43",
    "info": null,
    "isvisible": true,
    "kuid": "f83f47128c0649fd8cc724ed5ac12149",
    "name": "kony.ui.Line",
    "parent": "VBox091e0c84e226d46",
    "pf": "popupDownload",
    "tooltip": "",
    "wType": "Line",
    "widgetalignment": 5
}