{
    "DNDConfig": null,
    "_footers_": [],
    "_margin_": [
        0,
        0,
        0,
        0
    ],
    "_padding_": [
        0,
        0,
        0,
        0
    ],
    "_render_": true,
    "_skin_": "s71b5cc7595849f8b676f87da1eca6db",
    "_text_": "",
    "_title_": null,
    "addWidgetsdone": false,
    "allboxes": [],
    "android": {
        "@class": "com.kony.gen.viz.model.container.property.form.AndroidFormProperty",
        "inTransitionConfig": {
            "animation": 1
        }
    },
    "canUpdateUI": true,
    "channel": "mobile",
    "children": [
        "HBox0957bcae37dbe44",
        "Button0238c56078d134c"
    ],
    "containerheight": 33,
    "containerheightreference": 3,
    "containerweight": 100,
    "contentoffsetx": 0,
    "contentoffsety": 0,
    "contentsizeheight": 0,
    "contentsizewidth": 0,
    "currentLocale": null,
    "desktopweb": {
        "psp": {
            "titleBarConfig": {
                "closeIcon": "close.png",
                "maxIcon": "max.png",
                "minIcon": "min.png"
            }
        }
    },
    "device": "iPhone6",
    "displayorientation": 3,
    "enabled": false,
    "enabledforidletimeout": false,
    "footer": "popupDownload_footer",
    "id": "popupDownload",
    "info": null,
    "initdone": false,
    "inputaccessoryviewtype": 4,
    "intransitionconfig": {
        "formTransition": "None"
    },
    "invokedProperty": "footers",
    "iphone": {
        "@class": "com.kony.gen.viz.model.container.property.form.IPhoneFormProperty",
        "inTransitionConfig": {
            "transitionDirection": "fromBottom",
            "transitionEffect": "none"
        }
    },
    "ismodal": false,
    "isvisible": true,
    "kuid": "fb22ce7fbdb3431695ea422e9b501ec4",
    "name": "kony.ui.Popup",
    "needappmenu": true,
    "orientation": 1,
    "outtransitionconfig": {
        "formTransition": "None"
    },
    "paddinginpixel": false,
    "percent": true,
    "platform": "iphone",
    "prevDevice": "iPhone6",
    "prevPlatform": "iphone",
    "retainscrollposition": false,
    "shellCSS": "iOS_iPhone6",
    "spa": {
        "@class": "com.kony.gen.viz.model.container.property.form.SPAFormProperty",
        "inTransitionConfig": {
            "popupTransition": "none"
        }
    },
    "titlebar": true,
    "transparencybehindthepopup": 40,
    "wType": "Popup",
    "widgetalignment": 5,
    "winphone8": {
        "@class": "com.kony.gen.viz.model.container.property.form.WinPhone8FormProperty",
        "inTransitionConfig": {
            "inTransition": "slidein"
        }
    }
}