{
    "DNDConfig": null,
    "__valid__": true,
    "_margin_": [
        0,
        0,
        0,
        0
    ],
    "_orientation_": 2,
    "_padding_": [
        0,
        0,
        0,
        0
    ],
    "_percent_": true,
    "_position_": 3,
    "_render_": true,
    "_resize_": true,
    "_skin_": "sc924c774c9f414d8204d127780688a5",
    "allboxes": [],
    "canUpdateUI": true,
    "channel": "mobile",
    "children": [
        "Button0f6451480e4174a",
        "Line065cb55e8b81f43",
        "CopyButton0f34ca78a67a948"
    ],
    "containerweight": 100,
    "contextmenu": null,
    "enabled": false,
    "id": "VBox091e0c84e226d46",
    "info": null,
    "isvisible": true,
    "kuid": "6a766015ecaf4761bede49be54c502a9",
    "layouttype": 0,
    "name": "kony.ui.Box",
    "paddInPixel": [
        0,
        0,
        0,
        0
    ],
    "parent": "HBox0957bcae37dbe44",
    "pf": "popupDownload",
    "templateType": "forms",
    "wType": "VBox",
    "widgetalignment": 7
}