{
    "__parentReadjusting__": false,
    "_padding_": [
        0,
        0,
        0,
        0
    ],
    "_skin_": "seg2Normal",
    "_srcKuid_": "m04cf24368424e218275df06cf8b10d0",
    "canUpdateUI": true,
    "channel": "mobile",
    "context": {},
    "dataDiffs": {
        "bottom": {
            "type": "string",
            "value": "0dp"
        },
        "data": [
            {
                "imgCheck": {
                    "@class": "com.viz.ide.model.segment.ImageSegmentData",
                    "src": ""
                },
                "imgStar": {
                    "@class": "com.viz.ide.model.segment.ImageSegmentData",
                    "src": ""
                },
                "lblImageName": {
                    "@class": "com.viz.ide.model.segment.SimpleTextSegmentData",
                    "text": ""
                },
                "lblImageSize": {
                    "@class": "com.viz.ide.model.segment.SimpleTextSegmentData",
                    "text": ""
                }
            }
        ],
        "height": {
            "type": "string",
            "value": "70%"
        },
        "id": "segContentS3",
        "left": {
            "type": "string",
            "value": "0dp"
        },
        "width": {
            "type": "string",
            "value": "100%"
        },
        "zIndex": 1
    },
    "id": "segContentS3",
    "ide_onRowClick": "AS_Segment_913bd6df60ef44b0834907acbba144c3",
    "instanceOf": "m04cf24368424e218275df06cf8b10d0",
    "isvisible": true,
    "kuid": "m9e95b5c91d7402ea8a8f7476059a568",
    "masterInstance": true,
    "name": "kony.ui.SegmentedUI2",
    "parent": "flxS3list",
    "pf": "frmUserFileStorage",
    "selectedState": false,
    "topLevelInstanceKUID": "mb9df24c0252433f9f170926499b8a3b",
    "wType": "Segment"
}