{
    "@class": "com.kony.gen.viz.model.component.KVizButton",
    "DNDConfig": null,
    "__parentReadjusting__": false,
    "_height_": {
        "type": "string",
        "value": "10%"
    },
    "_left_": {
        "type": "string",
        "value": "50%"
    },
    "_margin_": [
        6,
        6,
        6,
        6
    ],
    "_padding_": [
        0,
        0,
        0,
        0
    ],
    "_skin_": "sbc497685cc1485f8ff5661cc3613e73",
    "_text_": "Remove Sample Data",
    "_top_": {
        "type": "string",
        "value": "90%"
    },
    "_width_": {
        "type": "string",
        "value": "50%"
    },
    "canUpdateUI": true,
    "containerweight": 100,
    "contentalignment": 5,
    "displaytext": true,
    "focusskin": "s704e56beca8439285542af749ae2f28",
    "id": "btnRemove",
    "ide_onClick": "AS_Button_95004d05d0a34ddf95f9956b4940d594",
    "info": null,
    "isvisible": true,
    "kuid": "0d465c7aff1b460a95cf8ecdb09b1d54",
    "name": "kony.ui.Button",
    "parent": "frmDynamoDBDetails",
    "pf": "frmDynamoDBDetails",
    "wType": "Button",
    "zindex": 1
}