{
    "@class": "com.kony.gen.viz.model.component.KVizButton",
    "DNDConfig": null,
    "__parentReadjusting__": false,
    "_height_": {
        "type": "string",
        "value": "10%"
    },
    "_left_": {
        "type": "string",
        "value": "0%"
    },
    "_margin_": [
        6,
        6,
        6,
        6
    ],
    "_padding_": [
        0,
        0,
        0,
        0
    ],
    "_skin_": "s704e56beca8439285542af749ae2f28",
    "_text_": "Insert Sample Data",
    "_top_": {
        "type": "string",
        "value": "90%"
    },
    "_width_": {
        "type": "string",
        "value": "50%"
    },
    "canUpdateUI": true,
    "containerweight": 100,
    "contentalignment": 5,
    "displaytext": true,
    "focusskin": "s704e56beca8439285542af749ae2f28",
    "id": "Button0886a027e43ef4d",
    "ide_onClick": "AS_Button_659f5d16d99f4943a49addd017146f03",
    "info": null,
    "isvisible": true,
    "kuid": "a81ace6d9e694805bc4a1024b087c791",
    "name": "kony.ui.Button",
    "parent": "frmDynamoDBDetails",
    "pf": "frmDynamoDBDetails",
    "wType": "Button",
    "zindex": 1
}