{
    "@class": "com.kony.gen.viz.model.container.KVizSegment2",
    "DNDConfig": null,
    "__parentReadjusting__": false,
    "_data_": [
        [
            {
                "lblSectionHead": {
                    "@class": "com.viz.ide.model.segment.SimpleTextSegmentData",
                    "text": "Label"
                }
            },
            [
                {
                    "lblDescription": {
                        "@class": "com.viz.ide.model.segment.SimpleTextSegmentData",
                        "text": "Label"
                    },
                    "lblHeading": {
                        "@class": "com.viz.ide.model.segment.SimpleTextSegmentData",
                        "text": "Label"
                    }
                },
                {
                    "lblDescription": {
                        "@class": "com.viz.ide.model.segment.SimpleTextSegmentData",
                        "text": "Label"
                    },
                    "lblHeading": {
                        "@class": "com.viz.ide.model.segment.SimpleTextSegmentData",
                        "text": "Label"
                    }
                },
                {
                    "lblDescription": {
                        "@class": "com.viz.ide.model.segment.SimpleTextSegmentData",
                        "text": "Label"
                    },
                    "lblHeading": {
                        "@class": "com.viz.ide.model.segment.SimpleTextSegmentData",
                        "text": "Label"
                    }
                }
            ]
        ],
        [
            {
                "lblSectionHead": {
                    "@class": "com.viz.ide.model.segment.SimpleTextSegmentData",
                    "text": "Label"
                }
            },
            [
                {
                    "lblDescription": {
                        "@class": "com.viz.ide.model.segment.SimpleTextSegmentData",
                        "text": "Label"
                    },
                    "lblHeading": {
                        "@class": "com.viz.ide.model.segment.SimpleTextSegmentData",
                        "text": "Label"
                    }
                },
                {
                    "lblDescription": {
                        "@class": "com.viz.ide.model.segment.SimpleTextSegmentData",
                        "text": "Label"
                    },
                    "lblHeading": {
                        "@class": "com.viz.ide.model.segment.SimpleTextSegmentData",
                        "text": "Label"
                    }
                },
                {
                    "lblDescription": {
                        "@class": "com.viz.ide.model.segment.SimpleTextSegmentData",
                        "text": "Label"
                    },
                    "lblHeading": {
                        "@class": "com.viz.ide.model.segment.SimpleTextSegmentData",
                        "text": "Label"
                    }
                }
            ]
        ]
    ],
    "_height_": {
        "type": "string",
        "value": "90%"
    },
    "_indicator_": "none",
    "_left_": {
        "type": "string",
        "value": "1%"
    },
    "_margin_": [
        0,
        0,
        0,
        0
    ],
    "_orientation_": 2,
    "_padding_": [
        0,
        0,
        0,
        0
    ],
    "_top_": {
        "type": "string",
        "value": "0%"
    },
    "_width_": {
        "type": "string",
        "value": "98%"
    },
    "autogrowmode": 0,
    "canUpdateUI": true,
    "containerweight": 100,
    "counter": "12",
    "focusedindex": null,
    "focuseditem": null,
    "groupcells": false,
    "hasSections": true,
    "id": "segRows",
    "ide_onRowClick": "AS_Segment_9fad32c0eaef4291954948a75a354280",
    "info": null,
    "ipad": {
        "psp": {
            "indicator": "rowselect"
        }
    },
    "iphone": {
        "psp": {
            "indicator": "rowselect"
        }
    },
    "isvisible": true,
    "kuid": "88a9a375cc5144e99882d41c66ec9099",
    "masterdata": {},
    "name": "kony.ui.SegmentedUI2",
    "needpageindicator": true,
    "pageoffdotimage": "pageoffdot.png",
    "pageondotimage": "pageondot.png",
    "paginationconfig": {
        "position": "bottom"
    },
    "parent": "frmDynamoDBDetails",
    "pf": "frmDynamoDBDetails",
    "retainselection": false,
    "rowTemplateId": "747b3c43459542f4b13e2792dfc44305",
    "rowcounter": 2,
    "rowfocusskin": "s62fc2780bdf4534b82ae5d29c6e3824",
    "rowskin": "s4b9324e765448589368ffb3e3035813",
    "rowtemplate": "flxMain",
    "screenlevelwidget": false,
    "seccounter": 1,
    "sectionHeaderTemplateId": "092022a070444360847b3c2b3cad42b7",
    "sectionheaderskin": "s6c1cde9ad854dce8039a37ca84c34bf",
    "sectionheadertemplate": "flxSectionHeader",
    "selectedRows": null,
    "selectedState": false,
    "selectedindex": null,
    "selectedindices": null,
    "selecteditems": null,
    "selectedsectionindex": 0,
    "selectionbehavior": "default",
    "separatorcolor": "64646400",
    "separatorrequired": true,
    "separatorthickness": 1,
    "showscrollbars": false,
    "viewtype": "tableview",
    "wType": "Segment",
    "widgetalignment": 5,
    "widgetdatamap": {
        "flxMain": "flxMain",
        "flxSectionHeader": "flxSectionHeader",
        "lblDescription": "lblDescription",
        "lblHeading": "lblHeading",
        "lblSectionHead": "lblSectionHead"
    },
    "zindex": 1
}