{
    "DNDConfig": null,
    "__parentReadjusting__": false,
    "_height_": {
        "type": "ref",
        "value": "preferred"
    },
    "_left_": {
        "type": "string",
        "value": "1dp"
    },
    "_margin_": [
        0,
        0,
        0,
        0
    ],
    "_padding_": [
        0,
        0,
        0,
        0
    ],
    "_render_": true,
    "_skin_": "se505a622d3645a584fc5ca42ba57866",
    "_top_": {
        "type": "string",
        "value": "50%"
    },
    "_width_": {
        "type": "string",
        "value": "100%"
    },
    "allboxes": [],
    "autogrowmode": 1,
    "canUpdateUI": true,
    "channel": "mobile",
    "children": [
        "CopyimgUserIdentity01e3cc02ccc3247",
        "CopylblUserIdentity0780d4cbd9d7e44"
    ],
    "clipbounds": true,
    "containerweight": 100,
    "enabled": false,
    "enablescrolling": true,
    "id": "CopyFlexContainer00d215877bce745",
    "info": null,
    "isvisible": true,
    "kuid": "cb6b42f1eac340cf9c577457dffd48a9",
    "layouttype": 3,
    "name": "kony.ui.FlexContainer",
    "ontouchend": "AS_FlexContainer_b8e263b23d4d4aa597fbac6a09124087",
    "orientation": 6,
    "parent": "flxDataStorageDetails",
    "percent": true,
    "pf": "frmDetails",
    "snapgridsize": 10,
    "snaptogrid": true,
    "wType": "FlexContainer",
    "widgetalignment": 1,
    "zindex": 1
}