{
    "DNDConfig": null,
    "__parentReadjusting__": false,
    "_height_": {
        "type": "ref",
        "value": "preferred"
    },
    "_left_": {
        "type": "string",
        "value": "1dp"
    },
    "_margin_": [
        0,
        0,
        0,
        0
    ],
    "_padding_": [
        0,
        0,
        0,
        0
    ],
    "_render_": true,
    "_skin_": "se505a622d3645a584fc5ca42ba57866",
    "_top_": {
        "type": "string",
        "value": "20%"
    },
    "_width_": {
        "type": "string",
        "value": "100%"
    },
    "allboxes": [],
    "autogrowmode": 1,
    "canUpdateUI": true,
    "channel": "mobile",
    "children": [
        "CopyimgUserIdentity0e8c472c4d9224e",
        "CopylblUserIdentity0e306ca98431844"
    ],
    "clipbounds": true,
    "containerweight": 100,
    "enabled": false,
    "enablescrolling": true,
    "id": "CopyFlexContainer0581419dac26b41",
    "info": null,
    "isvisible": true,
    "kuid": "d7e5d51e9c6a4a5783ae7ee7dfa3e177",
    "layouttype": 3,
    "name": "kony.ui.FlexContainer",
    "ontouchend": "AS_FlexContainer_5dc93db73d0a4fada5073b0a138b5fb1",
    "orientation": 6,
    "parent": "flxDataStorageDetails",
    "percent": true,
    "pf": "frmDetails",
    "snapgridsize": 10,
    "snaptogrid": true,
    "wType": "FlexContainer",
    "widgetalignment": 1,
    "zindex": 1
}