{
    "DNDConfig": null,
    "__parentReadjusting__": false,
    "_base64_": null,
    "_height_": {
        "type": "ref",
        "value": "preferred"
    },
    "_left_": {
        "type": "string",
        "value": "40dp"
    },
    "_margin_": [
        0,
        0,
        0,
        0
    ],
    "_padding_": [
        0,
        0,
        0,
        0
    ],
    "_render_": true,
    "_skin_": "seed3c3e8cf946b5830e3a6da7983aec",
    "_src_": "userprofilesmall.png",
    "_top_": {
        "type": "string",
        "value": "10dp"
    },
    "_width_": {
        "type": "number",
        "value": "20"
    },
    "canUpdateUI": true,
    "centerx": {
        "type": "number",
        "value": "70"
    },
    "centery": {
        "type": "number",
        "value": "17"
    },
    "channel": "mobile",
    "containerweight": 100,
    "context": {
        "channel": "mobile",
        "formID": "frmDetails",
        "ispercent": true,
        "platform": "iphone",
        "templateType": "forms",
        "topLevelBox": null
    },
    "enabled": false,
    "id": "CopyimgUserIdentity01e3cc02ccc3247",
    "imagescalemode": 1,
    "info": null,
    "invokedProperty": "src",
    "ispercent": true,
    "isvisible": true,
    "kuid": "91a363aa003846b3b08ef77d3291a4e8",
    "name": "kony.ui.Image2",
    "parent": "CopyFlexContainer00d215877bce745",
    "pf": "frmDetails",
    "srcType": 1,
    "wType": "Image",
    "widgetalignment": 5,
    "zindex": 1
}