{
    "DNDConfig": null,
    "__parentReadjusting__": false,
    "_decelerating_": false,
    "_dragging_": false,
    "_height_": {
        "type": "ref",
        "value": "preferred"
    },
    "_left_": {
        "type": "number",
        "value": "0"
    },
    "_margin_": [
        0,
        0,
        0,
        0
    ],
    "_padding_": [
        0,
        0,
        0,
        0
    ],
    "_render_": true,
    "_skin_": "sb76146d902447acab929062fddf2928",
    "_top_": {
        "type": "number",
        "value": "0"
    },
    "_tracking_": false,
    "_width_": {
        "type": "string",
        "value": "100%"
    },
    "allboxes": [],
    "allowhorizontalbounce": true,
    "allowverticalbounce": true,
    "bounces": true,
    "bouncesZoom": false,
    "canUpdateUI": true,
    "channel": "mobile",
    "children": [
        "lblDescriptionDetails"
    ],
    "clipbounds": true,
    "containerweight": 100,
    "decelerat": false,
    "dragg": false,
    "enabled": false,
    "enablescrolling": true,
    "horizontalscrollindicator": false,
    "id": "flxDetails",
    "info": null,
    "iphone": {
        "@class": "com.kony.gen.viz.model.container.property.scrollflexcontainer.IPhoneScrollFlexContainerProperty",
        "psp": {
            "bouncesZoom": false
        }
    },
    "isvisible": true,
    "kuid": "cc8d38254d614d32912f22ccab7783c5",
    "layouttype": 4,
    "name": "kony.ui.FlexScrollContainer",
    "orientation": 6,
    "pagingenabled": false,
    "parent": "FlexContainer04b732d5f9cb84b",
    "percent": true,
    "pf": "frmDetails",
    "scrolldirection": 2,
    "snapgridsize": 10,
    "snaptogrid": true,
    "track": false,
    "verticalscrollindicator": true,
    "wType": "FlexScrollContainer",
    "widgetalignment": 1,
    "zindex": 3
}