{
    "DNDConfig": null,
    "__parentReadjusting__": false,
    "_height_": {
        "type": "string",
        "value": "100%"
    },
    "_left_": {
        "type": "string",
        "value": "20dp"
    },
    "_margin_": [
        1,
        1,
        1,
        1
    ],
    "_padding_": [
        0,
        0,
        0,
        0
    ],
    "_render_": true,
    "_right_": {
        "type": "string",
        "value": "10dp"
    },
    "_skin_": "s26ceb1884104c2f95fb34392e4ea8bb",
    "_text_": "The Sample App demonstrates assignment of a unique identifier for the user, the Amazon Cognito User ID. If optional or mandatory User Sign-in has been enabled in your project, then the Sample App also includes a sign-in screen, with a button for each configured sign-in provider.",
    "_top_": {
        "type": "string",
        "value": "10dp"
    },
    "_width_": {
        "type": "string",
        "value": "85%"
    },
    "_wrapping_": 2,
    "canUpdateUI": true,
    "channel": "mobile",
    "containerweight": 100,
    "contentalignment": 1,
    "enabled": false,
    "id": "lblDescriptionDetails",
    "info": null,
    "ipad": {
        "psp": {
            "wrapping": 2
        }
    },
    "iphone": {
        "@class": "com.kony.gen.viz.model.component.property.label.IPhoneLabelProperty",
        "psp": {
            "wrapping": 2
        }
    },
    "isvisible": true,
    "kuid": "f77d9634302d4096a598dd4bc5cf3cc8",
    "name": "kony.ui.Label",
    "parent": "flxDetails",
    "pf": "frmDetails",
    "tooltip": "",
    "wType": "Label",
    "widgetalignment": 5,
    "zindex": 1
}