{
    "DNDConfig": null,
    "__parentReadjusting__": false,
    "_height_": {
        "type": "ref",
        "value": "preferred"
    },
    "_left_": {
        "type": "string",
        "value": "20dp"
    },
    "_margin_": [
        1,
        1,
        1,
        1
    ],
    "_padding_": [
        0,
        0,
        0,
        0
    ],
    "_render_": true,
    "_skin_": "s26ceb1884104c2f95fb34392e4ea8bb",
    "_text_": "Whether your users sign in or not, the User sign-in feature configures Amazon Cognito to uniquely identify the user and provide your app the appropriate credentials to access your AWS resources.",
    "_top_": {
        "type": "number",
        "value": "10"
    },
    "_width_": {
        "type": "string",
        "value": "85%"
    },
    "_wrapping_": 2,
    "canUpdateUI": true,
    "channel": "mobile",
    "containerweight": 100,
    "contentalignment": 1,
    "enabled": false,
    "id": "lblOverviewDetails",
    "info": null,
    "ipad": {
        "psp": {
            "wrapping": 2
        }
    },
    "iphone": {
        "@class": "com.kony.gen.viz.model.component.property.label.IPhoneLabelProperty",
        "psp": {
            "wrapping": 2
        }
    },
    "isvisible": true,
    "kuid": "ca718e22bcda4872915cfac3bd8777ad",
    "name": "kony.ui.Label",
    "parent": "FlexContainer04b732d5f9cb84b",
    "pf": "frmDetails",
    "tooltip": "",
    "wType": "Label",
    "widgetalignment": 5,
    "zindex": 1
}