{
    "DNDConfig": null,
    "__parentReadjusting__": false,
    "_height_": {
        "type": "ref",
        "value": "preferred"
    },
    "_left_": {
        "type": "string",
        "value": "0dp"
    },
    "_margin_": [
        1,
        1,
        1,
        1
    ],
    "_padding_": [
        0,
        0,
        0,
        0
    ],
    "_render_": true,
    "_skin_": "s4a56f0d2cc649d59cef2cf66e0b0023",
    "_text_": "Demo User Identity",
    "_top_": {
        "type": "string",
        "value": "10dp"
    },
    "_width_": {
        "type": "ref",
        "value": "preferred"
    },
    "_wrapping_": 2,
    "canUpdateUI": true,
    "centery": {
        "type": "number",
        "value": "17"
    },
    "channel": "mobile",
    "containerweight": 100,
    "contentalignment": 4,
    "enabled": false,
    "id": "lblUserIdentity",
    "info": null,
    "ipad": {
        "psp": {
            "wrapping": 2
        }
    },
    "iphone": {
        "@class": "com.kony.gen.viz.model.component.property.label.IPhoneLabelProperty",
        "psp": {
            "wrapping": 2
        }
    },
    "isvisible": true,
    "kuid": "f0d9fefbc8d5409284db083b31b51849",
    "name": "kony.ui.Label",
    "parent": "flxIdentity",
    "pf": "frmDetails",
    "tooltip": "",
    "wType": "Label",
    "widgetalignment": 5
}