{
    "DNDConfig": null,
    "_margin_": [
        0,
        0,
        0,
        0
    ],
    "_padding_": [
        0,
        0,
        0,
        0
    ],
    "_render_": true,
    "_skin_": "s440a1e3ab4e4a76be80f613b45757e9",
    "_title_": "My Sample App",
    "addWidgetsdone": false,
    "allboxes": [],
    "android": {
        "@class": "com.kony.gen.viz.model.container.property.scrollflexform.AndroidScrollFlexFormProperty",
        "needAppMenu": false
    },
    "canUpdateUI": true,
    "centerx": "",
    "centery": "",
    "channel": "mobile",
    "children": [
        "flxHeader",
        "segHome"
    ],
    "configurestatusbarstyle": false,
    "containerweight": 100,
    "contentoffsetx": 0,
    "contentoffsety": 0,
    "contentsizeheight": 0,
    "contentsizewidth": 0,
    "currentLocale": "default",
    "desktopweb": {
        "needAppMenu": false
    },
    "device": "iPhone6Zoomed",
    "disabledSkins": {
        "menuNormalSkin": "se52a15019974c77ab45144394f78282"
    },
    "displayorientation": 1,
    "enabled": false,
    "enabledforidletimeout": false,
    "footeroverlap": false,
    "headeroverlap": false,
    "id": "frmHome",
    "ide_postShow": "AS_Form_7971aa9421bf4728bf3919cc55debd6d",
    "ide_preShow": "AS_Form_9bbe6b8710f7419282dcd0b2a654f4b6",
    "info": null,
    "initdone": false,
    "inputaccessoryviewtype": 4,
    "invokedProperty": "headers",
    "ipad": {
        "psp": {
            "inputAccessoryViewType": 4
        }
    },
    "iphone": {
        "@class": "com.kony.gen.viz.model.container.property.scrollflexform.IPhoneScrollFlexFormProperty",
        "needAppMenu": false,
        "psp": {
            "configureStatusBarStyle": false,
            "inputAccessoryViewType": 4,
            "titleBarConfig": {
                "buttonClosureLeftSideView": "",
                "buttonClosureRightSideView": "AS_TitleBar_24e95adf4a014beda347e973aa088136",
                "buttonText": "Sign-In",
                "leftButtonText": "Back",
                "leftTitle": "Back",
                "prevFormTitle": false,
                "renderTitleText": true,
                "rightTitle": "Edit",
                "titleBarLeftSideView": "button",
                "titleBarRightSideView": "button",
                "titleClosureLeftSideView": "",
                "titleClosureRightSideView": "",
                "visible": false
            }
        },
        "titleBar": false
    },
    "isvisible": true,
    "kuid": "bdb62212d04341d19b37b177eaf487aa",
    "layouttype": 2,
    "menuposition": 2,
    "name": "kony.ui.Form2",
    "needappmenu": true,
    "orientation": 1,
    "paddinginpixel": false,
    "percent": true,
    "platform": "iphone",
    "preshow": "AS_Form_4092662fcdf94503a1e6d1a582439493",
    "prevDevice": "iPhone6",
    "prevPlatform": "iphone",
    "retainscrollposition": false,
    "shellCSS": "iOS_iPhone6Zoomed",
    "snapgridsize": 10,
    "snaptogrid": true,
    "spaan": {
        "@class": "com.kony.gen.viz.model.container.property.scrollflexform.SPAAndroidScrollFlexFormProperty",
        "needAppMenu": false
    },
    "spabb": {
        "@class": "com.kony.gen.viz.model.container.property.scrollflexform.SPABBScrollFlexFormProperty",
        "needAppMenu": false
    },
    "spaip": {
        "@class": "com.kony.gen.viz.model.container.property.scrollflexform.SPAIPhoneScrollFlexFormProperty",
        "needAppMenu": false
    },
    "spawinphone8": {
        "@class": "com.kony.gen.viz.model.container.property.scrollflexform.SPAWinPhone8ScrollFlexFormProperty",
        "needAppMenu": false
    },
    "titleBarSkin": "s2799321cc1d4a2dabc8f89a55eae867",
    "titlebar": false,
    "type": 3,
    "wType": "Form",
    "widgetalignment": 5,
    "winphone8": {
        "@class": "com.kony.gen.viz.model.container.property.scrollflexform.WinPhone8ScrollFlexFormProperty",
        "needAppMenu": false,
        "psp": {
            "animateHeaderFooter": true,
            "maxAppMenuButtons": 0
        }
    }
}