{
    "DNDConfig": null,
    "__parentReadjusting__": false,
    "_data_": [
        {
            "Image07f8a3c9e83d64f": {
                "@class": "com.viz.ide.model.segment.ImageSegmentData",
                "src": "signin.png"
            },
            "Label06a97ee24d2434a": {
                "@class": "com.viz.ide.model.segment.SimpleTextSegmentData",
                "text": "Enable user login with popular 3rd party providers"
            },
            "lblTitle": {
                "@class": "com.viz.ide.model.segment.SimpleTextSegmentData",
                "text": "User Sign-in"
            }
        },
        {
            "Image07f8a3c9e83d64f": {
                "@class": "com.viz.ide.model.segment.ImageSegmentData",
                "src": "userdatastorage.png"
            },
            "Label06a97ee24d2434a": {
                "@class": "com.viz.ide.model.segment.SimpleTextSegmentData",
                "text": "Save user files in the cloud and sync user data in key/value pairs."
            },
            "lblTitle": {
                "@class": "com.viz.ide.model.segment.SimpleTextSegmentData",
                "text": "User Data Storage"
            }
        },
        {
            "Image07f8a3c9e83d64f": {
                "@class": "com.viz.ide.model.segment.ImageSegmentData",
                "src": "cloudlogic.png"
            },
            "Label06a97ee24d2434a": {
                "@class": "com.viz.ide.model.segment.SimpleTextSegmentData",
                "text": "Run backend functions in the cloud."
            },
            "lblTitle": {
                "@class": "com.viz.ide.model.segment.SimpleTextSegmentData",
                "text": "Cloud Logic"
            }
        },
        {
            "Image07f8a3c9e83d64f": {
                "@class": "com.viz.ide.model.segment.ImageSegmentData",
                "src": "database.png"
            },
            "Label06a97ee24d2434a": {
                "@class": "com.viz.ide.model.segment.SimpleTextSegmentData",
                "text": "Store data in the cloud"
            },
            "lblTitle": {
                "@class": "com.viz.ide.model.segment.SimpleTextSegmentData",
                "text": "NoSQL Database"
            }
        }
    ],
    "_enabled_": false,
    "_height_": {
        "type": "string",
        "value": "100%"
    },
    "_indicator_": "none",
    "_left_": {
        "type": "string",
        "value": "0dp"
    },
    "_margin_": [
        0,
        0,
        0,
        0
    ],
    "_orientation_": 2,
    "_padding_": [
        0,
        0,
        0,
        0
    ],
    "_render_": true,
    "_rowtemplateid": "segHomeOptions",
    "_skin_": "seg2Normal",
    "_top_": {
        "type": "string",
        "value": "10%"
    },
    "_width_": {
        "type": "string",
        "value": "100%"
    },
    "autogrowmode": 0,
    "canUpdateUI": true,
    "channel": "mobile",
    "containerweight": 100,
    "context": {
        "channel": "mobile",
        "formID": "AdvancedWidgetsSegements",
        "templateType": "segments",
        "topLevelBox": false
    },
    "counter": "03",
    "focusedindex": null,
    "focuseditem": null,
    "generatedtemplate": null,
    "groupcells": false,
    "hasSections": false,
    "id": "segHome",
    "info": null,
    "ipad": {
        "psp": {
            "indicator": "rowselect"
        }
    },
    "iphone": {
        "@class": "com.kony.gen.viz.model.container.property.segment2.IPhoneSegment2Property",
        "psp": {
            "indicator": "rowselect"
        }
    },
    "isvisible": true,
    "kuid": "28cc9a19585346de8883f89eb6e9ad62",
    "name": "kony.ui.SegmentedUI2",
    "needpageindicator": true,
    "onrowclick": "AS_Segment_3e72b098bf6e43b494a9d9072ec2a060",
    "pageoffdotimage": "pageoffdot.png",
    "pageondotimage": "pageondot.png",
    "paginationconfig": {
        "position": "bottom"
    },
    "parent": "frmHome",
    "pf": "frmHome",
    "retainselection": false,
    "rowTemplateId": "3c26299632c2410e85fb6f4d5214c1c7",
    "rowcounter": 3,
    "rowfocusskin": "s62fc2780bdf4534b82ae5d29c6e3824",
    "rowskin": "s4b9324e765448589368ffb3e3035813",
    "rowtemplate": "FlexContainer012deee8f56984d",
    "screenlevelwidget": false,
    "scrollingevents": false,
    "seccounter": 0,
    "sectionheaderskin": "s6c1cde9ad854dce8039a37ca84c34bf",
    "selectedRows": null,
    "selectedState": false,
    "selectedindex": null,
    "selectedindices": null,
    "selecteditems": null,
    "selectedsectionindex": 0,
    "selectionbehavior": "default",
    "separatorcolor": "64646400",
    "separatorrequired": true,
    "separatorthickness": 1,
    "showscrollbars": false,
    "viewtype": "tableview",
    "wType": "Segment",
    "widgetalignment": 5,
    "widgetdatamap": {
        "FlexContainer012deee8f56984d": "FlexContainer012deee8f56984d",
        "FlexContainer029c687ef32254b": "FlexContainer029c687ef32254b",
        "FlexContainer0828b5ad3ffbe44": "FlexContainer0828b5ad3ffbe44",
        "FlexContainer0dc7c0d5b4dee47": "FlexContainer0dc7c0d5b4dee47",
        "Image07f8a3c9e83d64f": "Image07f8a3c9e83d64f",
        "Label06a97ee24d2434a": "Label06a97ee24d2434a",
        "lblTitle": "lblTitle"
    }
}