{
    "DNDConfig": null,
    "__parentReadjusting__": false,
    "_enabled_": false,
    "_height_": {
        "type": "string",
        "value": "25%"
    },
    "_left_": {
        "type": "string",
        "value": "5%"
    },
    "_margin_": [
        6,
        6,
        6,
        6
    ],
    "_padding_": [
        0,
        0,
        0,
        0
    ],
    "_render_": true,
    "_skin_": "s7a3e6d3f12d4dec9a814a21de3def8a",
    "_text_": "",
    "_top_": {
        "type": "string",
        "value": "15%"
    },
    "_width_": {
        "type": "string",
        "value": "43%"
    },
    "canUpdateUI": true,
    "channel": "mobile",
    "containerweight": 100,
    "contentalignment": 5,
    "displaytext": false,
    "focusskin": "s05cc329399c4ca3ab49847b6c7a49e4",
    "id": "Button02bfe1ab2f98945",
    "info": null,
    "isvisible": true,
    "kuid": "02950430b72245c898d17060affee210",
    "name": "kony.ui.Button",
    "parent": "FlexContainer04b732d5f9cb84b",
    "pf": "frmUserProfileData",
    "wType": "Button",
    "widgetalignment": 5,
    "zindex": 1
}