{
    "DNDConfig": null,
    "__parentReadjusting__": false,
    "_enabled_": false,
    "_height_": {
        "type": "string",
        "value": "25%"
    },
    "_left_": {
        "type": "string",
        "value": "52%"
    },
    "_margin_": [
        6,
        6,
        6,
        6
    ],
    "_padding_": [
        0,
        0,
        0,
        0
    ],
    "_render_": true,
    "_skin_": "s15cc8e10a234a78a331aa96cda6aa76",
    "_text_": "",
    "_top_": {
        "type": "string",
        "value": "15%"
    },
    "_width_": {
        "type": "string",
        "value": "43%"
    },
    "canUpdateUI": true,
    "channel": "mobile",
    "containerweight": 100,
    "contentalignment": 5,
    "displaytext": false,
    "focusskin": "s05cc329399c4ca3ab49847b6c7a49e4",
    "id": "CopyButton0fd37e90d662440",
    "info": null,
    "isvisible": true,
    "kuid": "8bde5eb182444bb3aaf240cc561a2613",
    "name": "kony.ui.Button",
    "parent": "FlexContainer04b732d5f9cb84b",
    "pf": "frmUserProfileData",
    "wType": "Button",
    "widgetalignment": 5,
    "zindex": 1
}