{
    "DNDConfig": null,
    "__parentReadjusting__": false,
    "_enabled_": false,
    "_height_": {
        "type": "string",
        "value": "25%"
    },
    "_left_": {
        "type": "string",
        "value": "5%"
    },
    "_margin_": [
        6,
        6,
        6,
        6
    ],
    "_padding_": [
        0,
        0,
        0,
        0
    ],
    "_render_": true,
    "_skin_": "s8d52ce5a50f4be0ba34ef02e9ff69ed",
    "_text_": "",
    "_top_": {
        "type": "string",
        "value": "45%"
    },
    "_width_": {
        "type": "string",
        "value": "43%"
    },
    "canUpdateUI": true,
    "channel": "mobile",
    "containerweight": 100,
    "contentalignment": 5,
    "displaytext": false,
    "focusskin": "s05cc329399c4ca3ab49847b6c7a49e4",
    "id": "CopyButton0faf3a18a99ee45",
    "info": null,
    "isvisible": true,
    "kuid": "f1d29ee028c44a61bc805f2d26a25ac1",
    "name": "kony.ui.Button",
    "parent": "FlexContainer04b732d5f9cb84b",
    "pf": "frmUserProfileData",
    "wType": "Button",
    "widgetalignment": 5,
    "zindex": 1
}