{
    "DNDConfig": null,
    "__parentReadjusting__": false,
    "_enabled_": false,
    "_height_": {
        "type": "string",
        "value": "25%"
    },
    "_left_": {
        "type": "string",
        "value": "52%"
    },
    "_margin_": [
        6,
        6,
        6,
        6
    ],
    "_padding_": [
        0,
        0,
        0,
        0
    ],
    "_render_": true,
    "_skin_": "s0ee7c591cbf4a9aa9ab88ca9e74e4b0",
    "_text_": "",
    "_top_": {
        "type": "string",
        "value": "45%"
    },
    "_width_": {
        "type": "string",
        "value": "43%"
    },
    "canUpdateUI": true,
    "channel": "mobile",
    "containerweight": 100,
    "contentalignment": 5,
    "displaytext": false,
    "focusskin": "s05cc329399c4ca3ab49847b6c7a49e4",
    "id": "CopyButton034d8fc8237ab49",
    "info": null,
    "isvisible": true,
    "kuid": "96ca651ec5ee482680022d88f69cadd0",
    "name": "kony.ui.Button",
    "parent": "FlexContainer04b732d5f9cb84b",
    "pf": "frmUserProfileData",
    "wType": "Button",
    "widgetalignment": 5,
    "zindex": 1
}