{
    "DNDConfig": null,
    "__parentReadjusting__": false,
    "_height_": {
        "type": "string",
        "value": "80%"
    },
    "_left_": {
        "type": "string",
        "value": "0dp"
    },
    "_margin_": [
        0,
        0,
        0,
        0
    ],
    "_padding_": [
        0,
        0,
        0,
        0
    ],
    "_render_": true,
    "_skin_": "se505a622d3645a584fc5ca42ba57866",
    "_top_": {
        "type": "string",
        "value": "0dp"
    },
    "_width_": {
        "type": "string",
        "value": "100%"
    },
    "allboxes": [],
    "autogrowmode": 0,
    "canUpdateUI": true,
    "channel": "mobile",
    "children": [
        "lblOverView",
        "CopyButton0fd37e90d662440",
        "Button02bfe1ab2f98945",
        "CopyButton0faf3a18a99ee45",
        "CopyButton034d8fc8237ab49"
    ],
    "clipbounds": true,
    "containerweight": 100,
    "enabled": false,
    "enablescrolling": true,
    "id": "FlexContainer04b732d5f9cb84b",
    "info": null,
    "isvisible": true,
    "kuid": "42952d1d9a8a443d98186c7efa6bdd7c",
    "layouttype": 2,
    "name": "kony.ui.FlexContainer",
    "orientation": 6,
    "parent": "frmUserProfileData",
    "percent": true,
    "pf": "frmUserProfileData",
    "snapgridsize": 10,
    "snaptogrid": true,
    "wType": "FlexContainer",
    "widgetalignment": 1,
    "zindex": 3
}