{
    "@class": "com.kony.gen.viz.model.component.KVizButton",
    "DNDConfig": null,
    "__parentReadjusting__": false,
    "_height_": {
        "type": "string",
        "value": "8%"
    },
    "_left_": {
        "type": "string",
        "value": "10%"
    },
    "_margin_": [
        6,
        6,
        6,
        6
    ],
    "_padding_": [
        0,
        0,
        0,
        0
    ],
    "_skin_": "s8e673487f4c43548886684b9ed02f29",
    "_text_": "Create Account",
    "_top_": {
        "type": "string",
        "value": "60%"
    },
    "_width_": {
        "type": "string",
        "value": "80%"
    },
    "canUpdateUI": true,
    "containerweight": 100,
    "contentalignment": 5,
    "displaytext": true,
    "focusskin": "s05cc329399c4ca3ab49847b6c7a49e4",
    "id": "btnCreateAccount",
    "info": null,
    "isvisible": true,
    "kuid": "9c6e3480b00e47c894866c437771dbe1",
    "name": "kony.ui.Button",
    "parent": "frmWelcome",
    "pf": "frmWelcome",
    "wType": "Button",
    "zindex": 1
}