{
    "@class": "com.kony.gen.viz.model.component.KVizButton",
    "DNDConfig": null,
    "__parentReadjusting__": false,
    "_height_": {
        "type": "string",
        "value": "8%"
    },
    "_left_": {
        "type": "string",
        "value": "10%"
    },
    "_margin_": [
        6,
        6,
        6,
        6
    ],
    "_padding_": [
        0,
        0,
        0,
        0
    ],
    "_skin_": "s0e47b3a621743b683864c029343dd9c",
    "_text_": "f Continue with Facebook",
    "_top_": {
        "type": "string",
        "value": "50%"
    },
    "_width_": {
        "type": "string",
        "value": "80%"
    },
    "canUpdateUI": true,
    "containerweight": 100,
    "contentalignment": 5,
    "displaytext": true,
    "focusskin": "s05cc329399c4ca3ab49847b6c7a49e4",
    "id": "btnFacebook",
    "info": null,
    "isvisible": true,
    "kuid": "690810c49732425188e62ff05631f5bc",
    "name": "kony.ui.Button",
    "parent": "frmWelcome",
    "pf": "frmWelcome",
    "wType": "Button",
    "zindex": 1
}