{
    "@class": "com.kony.gen.viz.model.component.KVizButton",
    "DNDConfig": null,
    "__parentReadjusting__": false,
    "_height_": {
        "type": "string",
        "value": "50px"
    },
    "_left_": {
        "type": "string",
        "value": "80%"
    },
    "_margin_": [
        6,
        6,
        6,
        6
    ],
    "_padding_": [
        0,
        0,
        0,
        0
    ],
    "_skin_": "s117d02269444943a080c36f8636344a",
    "_text_": "Log in",
    "_top_": {
        "type": "string",
        "value": "2%"
    },
    "_width_": {
        "type": "string",
        "value": "130px"
    },
    "canUpdateUI": true,
    "containerweight": 100,
    "contentalignment": 5,
    "displaytext": true,
    "focusskin": "s05cc329399c4ca3ab49847b6c7a49e4",
    "id": "btnLogin",
    "info": null,
    "isvisible": true,
    "kuid": "19b6b8f005f64c97ad8af6b9a323c4ef",
    "name": "kony.ui.Button",
    "parent": "frmWelcome",
    "pf": "frmWelcome",
    "wType": "Button",
    "zindex": 1
}