{
    "@class": "com.kony.gen.viz.model.component.KVizLabel",
    "DNDConfig": null,
    "__parentReadjusting__": false,
    "_height_": {
        "type": "string",
        "value": "preferred"
    },
    "_left_": {
        "type": "string",
        "value": "10%"
    },
    "_margin_": [
        1,
        1,
        1,
        1
    ],
    "_padding_": [
        0,
        0,
        0,
        0
    ],
    "_skin_": "s2cf036ddd9947d8a2a602a03dd9e769",
    "_text_": "Welcome to AWS",
    "_top_": {
        "type": "string",
        "value": "30%"
    },
    "_width_": {
        "type": "string",
        "value": "70%"
    },
    "_wrapping_": 2,
    "android": {
        "textStyle": {
            "letterSpacing": 0,
            "strikeThrough": false
        }
    },
    "canUpdateUI": true,
    "containerweight": 100,
    "contentalignment": 4,
    "id": "lblWelcome",
    "info": null,
    "ipad": {
        "psp": {
            "wrapping": 2
        }
    },
    "iphone": {
        "psp": {
            "wrapping": 2
        }
    },
    "isvisible": true,
    "kuid": "86974a8613bc4079a6eb04f40518222f",
    "name": "kony.ui.Label",
    "parent": "frmWelcome",
    "pf": "frmWelcome",
    "tooltip": "",
    "wType": "Label",
    "zindex": 1
}