{
    "@class": "com.kony.gen.viz.model.component.KVizButton",
    "DNDConfig": null,
    "__parentReadjusting__": false,
    "_height_": {
        "type": "string",
        "value": "8%"
    },
    "_left_": {
        "type": "string",
        "value": "35%"
    },
    "_margin_": [
        6,
        6,
        6,
        6
    ],
    "_padding_": [
        0,
        0,
        0,
        0
    ],
    "_skin_": "s65d6e3b69154b039526df5ae6b00279",
    "_text_": "Sign Out",
    "_top_": {
        "type": "string",
        "value": "90%"
    },
    "_width_": {
        "type": "string",
        "value": "30%"
    },
    "canUpdateUI": true,
    "containerweight": 100,
    "contentalignment": 5,
    "displaytext": true,
    "focusskin": "s7e67ed6e02a4c7181021b3c15becc33",
    "id": "Button08634bd038eb346",
    "ide_onClick": "AS_Button_bc43f5a61aec476c8ec870d4c8259c98",
    "info": null,
    "isvisible": true,
    "kuid": "efe9602d2bd44c988d83b65910fe4561",
    "name": "kony.ui.Button",
    "parent": "frmUserIdentity",
    "pf": "frmUserIdentity",
    "wType": "Button",
    "zindex": 3
}