{
    "DNDConfig": null,
    "__parentReadjusting__": false,
    "_height_": {
        "type": "ref",
        "value": "preferred"
    },
    "_left_": {
        "type": "string",
        "value": "20dp"
    },
    "_margin_": [
        1,
        1,
        1,
        1
    ],
    "_padding_": [
        0,
        0,
        0,
        0
    ],
    "_render_": true,
    "_skin_": "sa2f013e9bd74f189944c1cfe1dce39c",
    "_text_": "User's unique identifier",
    "_top_": {
        "type": "number",
        "value": "10"
    },
    "_width_": {
        "type": "string",
        "value": "85%"
    },
    "_wrapping_": 2,
    "annotationId": "49dcc331662248728b8eac000deacc0c",
    "canUpdateUI": true,
    "centerx": {
        "type": "string",
        "value": "50%"
    },
    "channel": "mobile",
    "containerweight": 100,
    "contentalignment": 2,
    "enabled": false,
    "id": "CopylblOverviewDetails05965fdd5e98640",
    "info": null,
    "ipad": {
        "psp": {
            "wrapping": 2
        }
    },
    "iphone": {
        "@class": "com.kony.gen.viz.model.component.property.label.IPhoneLabelProperty",
        "psp": {
            "wrapping": 2
        }
    },
    "isvisible": true,
    "kuid": "a2f0865af01f4f5fa8e25e97c18da8ce",
    "name": "kony.ui.Label",
    "parent": "FlexContainer04b732d5f9cb84b",
    "pf": "frmUserIdentity",
    "tooltip": "",
    "wType": "Label",
    "widgetalignment": 5,
    "zindex": 1
}