{
    "DNDConfig": null,
    "__parentReadjusting__": false,
    "_base64_": null,
    "_height_": {
        "type": "ref",
        "value": "preferred"
    },
    "_margin_": [
        0,
        0,
        0,
        0
    ],
    "_padding_": [
        0,
        0,
        0,
        0
    ],
    "_render_": true,
    "_skin_": "seed3c3e8cf946b5830e3a6da7983aec",
    "_src_": "usericon.png",
    "_top_": {
        "type": "string",
        "value": "0dp"
    },
    "_width_": {
        "type": "ref",
        "value": "preferred"
    },
    "canUpdateUI": true,
    "centerx": {
        "type": "string",
        "value": "50%"
    },
    "channel": "mobile",
    "containerweight": 100,
    "context": {
        "channel": "mobile",
        "formID": "frmUserIdentity",
        "ispercent": true,
        "platform": "iphone",
        "templateType": "forms",
        "topLevelBox": null
    },
    "enabled": false,
    "id": "Image0a26231c85d8341",
    "imagescalemode": 1,
    "info": null,
    "invokedProperty": "src",
    "ispercent": true,
    "isvisible": true,
    "kuid": "d3f10e42a12c480a98787d0319ccf61e",
    "name": "kony.ui.Image2",
    "parent": "FlexContainer04b732d5f9cb84b",
    "pf": "frmUserIdentity",
    "srcType": 1,
    "wType": "Image",
    "widgetalignment": 5,
    "zindex": 1
}