{
    "DNDConfig": null,
    "__parentReadjusting__": false,
    "_height_": {
        "type": "string",
        "value": "preferred"
    },
    "_left_": {
        "type": "string",
        "value": "20dp"
    },
    "_margin_": [
        1,
        1,
        1,
        1
    ],
    "_padding_": [
        0,
        0,
        0,
        0
    ],
    "_render_": true,
    "_skin_": "s403ae0b2d4b465caa7d1776f0975dc8",
    "_text_": "us-east-1:73681b9b-fa9f-493b-bd49-3c6e7a24e730",
    "_top_": 10,
    "_width_": {
        "type": "string",
        "value": "85%"
    },
    "_wrapping_": 2,
    "annotationId": "49dcc331662248728b8eac000deacc0c",
    "canUpdateUI": true,
    "centerx": {
        "type": "string",
        "value": "50%"
    },
    "channel": "mobile",
    "containerweight": 100,
    "contentalignment": 2,
    "enabled": false,
    "id": "lblIdentity",
    "info": null,
    "ipad": {
        "psp": {
            "wrapping": 2
        }
    },
    "iphone": {
        "@class": "com.kony.gen.viz.model.component.property.label.IPhoneLabelProperty",
        "psp": {
            "wrapping": 2
        }
    },
    "isvisible": true,
    "kuid": "9141edf96d1a4f5daa9ab99d1097a503",
    "name": "kony.ui.Label",
    "parent": "FlexContainer04b732d5f9cb84b",
    "pf": "frmUserIdentity",
    "tooltip": "",
    "wType": "Label",
    "widgetalignment": 5,
    "zindex": 1
}