{
    "AS__83a507c3ea844a72ba6f50263d603ef5": {
        "id": "AS__83a507c3ea844a72ba6f50263d603ef5",
        "type": "ACTION_SEQUENCE",
        "language": "js",
        "actions": [{
            "id": "ADD_SNIPPET_buttonClosureRightSideView_5ee96bdfb5974cf78d9c9c2218c3d899",
            "type": "ADD_SNIPPET",
            "codeSnippet": "var context1={\"widget\":frmAppContentDelivery,\"anchor\":\"bottom\",\"sizetoanchorwidth\":false};\npopupUpload.setContext(context1);\npopupUpload.show();",
            "callbackType": null
        }]
    }
}