{
    "AS_Button_ceb57a4b07c24fe4b0037a35d68aa56d": {
        "id": "AS_Button_ceb57a4b07c24fe4b0037a35d68aa56d",
        "type": "ACTION_SEQUENCE",
        "params": [{
            "datatype": "collection",
            "name": "eventobject"
        }],
        "language": "js",
        "actions": [{
            "id": "ADD_SNIPPET_onClick_7bb40fa2ba394298a39ddf30cfe40f46",
            "type": "ADD_SNIPPET",
            "codeSnippet": "popupStorageDownloadStar.destroy();",
            "callbackType": null
        }]
    }
}