{
    "AS_Button_36f27124cbde4e579a407e5570f07e1b": {
        "id": "AS_Button_36f27124cbde4e579a407e5570f07e1b",
        "type": "ACTION_SEQUENCE",
        "params": [{
            "datatype": "collection",
            "name": "eventobject"
        }],
        "language": "js",
        "actions": [{
            "id": "ADD_SNIPPET_onClick_675c98f693bb4f12933ee2ce8d6d2ee3",
            "type": "ADD_SNIPPET",
            "codeSnippet": "\npopupStorageDownloadStar.destroy();",
            "callbackType": null
        }]
    }
}