{
    "AS_Button_d23c5c25a11c46c1b20fb69333e87512": {
        "id": "AS_Button_d23c5c25a11c46c1b20fb69333e87512",
        "type": "ACTION_SEQUENCE",
        "params": [{
            "datatype": "collection",
            "name": "eventobject"
        }],
        "language": "js",
        "actions": [{
            "id": "ADD_SNIPPET_onClick_a1e89cf4d7aa42e28cc05ddff15f2078",
            "type": "ADD_SNIPPET",
            "codeSnippet": "popupUploadStorage.destroy();",
            "callbackType": null
        }]
    }
}