{
    "AS_Button_56921ab9b45943719b6ddb0c18785526": {
        "id": "AS_Button_56921ab9b45943719b6ddb0c18785526",
        "type": "ACTION_SEQUENCE",
        "params": [{
            "datatype": "collection",
            "name": "eventobject"
        }],
        "language": "js",
        "actions": [{
            "id": "INVOKE_FUNCTION___04fb9da59bca447eb2a285013b89f44d",
            "type": "INVOKE_FUNCTION",
            "sequenceKUID": "onLambdaInvoke",
            "display": "onLambdaInvoke",
            "inputparams": [],
            "parentId": null,
            "callbackType": null
        }]
    }
}