{
    "AS_Button_9d2417bd286345ffb06b96d9d08217cc": {
        "id": "AS_Button_9d2417bd286345ffb06b96d9d08217cc",
        "type": "ACTION_SEQUENCE",
        "params": [{
            "datatype": "collection",
            "name": "eventobject"
        }],
        "language": "js",
        "actions": [{
            "id": "ADD_SNIPPET_onClick_5934e950185148d7b0a812ebaf88be51",
            "type": "ADD_SNIPPET",
            "codeSnippet": "\npopupStorageDownload.destroy();",
            "callbackType": null
        }]
    }
}