{
    "AS_Button_69fe6627762f47728ccc768615c72f11": {
        "id": "AS_Button_69fe6627762f47728ccc768615c72f11",
        "type": "ACTION_SEQUENCE",
        "params": [{
            "datatype": "collection",
            "name": "eventobject"
        }],
        "language": "js",
        "actions": [{
            "id": "ADD_SNIPPET__519148dd4b80439ea8a262ee5d9a9734",
            "type": "ADD_SNIPPET",
            "codeSnippet": "if(!frmAppContentDelivery.segAppContent.selectedItems[0].imgCheck.visible){\n  download();\n}\npopupDownloadStar.destroy();",
            "parentId": null,
            "callbackType": null
        }]
    }
}