{
    "AS_Button_da0e2bb3f3d245ceb71a3e570ce2ce8e": {
        "id": "AS_Button_da0e2bb3f3d245ceb71a3e570ce2ce8e",
        "type": "ACTION_SEQUENCE",
        "params": [{
            "datatype": "collection",
            "name": "eventobject"
        }],
        "language": "js",
        "actions": [{
            "id": "ADD_SNIPPET_onClick_37a7a7c987754d6cb133aab82ecc1640",
            "type": "ADD_SNIPPET",
            "codeSnippet": "\npopupStorageDownloadStar.destroy();",
            "callbackType": null
        }]
    }
}