{
    "AS_Button_32a21b7d776e4674b8cdf1969ddb1aa4": {
        "id": "AS_Button_32a21b7d776e4674b8cdf1969ddb1aa4",
        "type": "ACTION_SEQUENCE",
        "params": [{
            "datatype": "collection",
            "name": "eventobject"
        }],
        "language": "js",
        "actions": [{
            "id": "ADD_SNIPPET_onClick_eaf7da84553241209f9a7e41eeb5b7b5",
            "type": "ADD_SNIPPET",
            "codeSnippet": "popupStorageDownloadStar.destroy();\n//frmImageOpen.show();\n",
            "callbackType": null
        }]
    }
}