{
    "AS_Button_8f94c25c03244ed498706e856d17a348": {
        "id": "AS_Button_8f94c25c03244ed498706e856d17a348",
        "type": "ACTION_SEQUENCE",
        "params": [{
            "datatype": "collection",
            "name": "eventobject"
        }],
        "language": "js",
        "actions": [{
            "id": "ADD_SNIPPET_onClick_8ed236ee128243e98afbd573ce85e7d1",
            "type": "ADD_SNIPPET",
            "codeSnippet": "popupStorageDownload.destroy();\n",
            "callbackType": null
        }]
    }
}