{
    "AS_Button_ebd296747c32496394482d52218b7e64": {
        "id": "AS_Button_ebd296747c32496394482d52218b7e64",
        "type": "ACTION_SEQUENCE",
        "params": [{
            "datatype": "collection",
            "name": "eventobject"
        }],
        "language": "js",
        "actions": [{
            "id": "ADD_SNIPPET__9599cb33bca74a06b785c4082a833be8",
            "type": "ADD_SNIPPET",
            "codeSnippet": "popupDownloadStar.destroy();",
            "parentId": null,
            "callbackType": null
        }]
    }
}