{
    "AS_Button_60c208d3acba42ba9f233618e042e38b": {
        "id": "AS_Button_60c208d3acba42ba9f233618e042e38b",
        "type": "ACTION_SEQUENCE",
        "params": [{
            "datatype": "collection",
            "name": "eventobject"
        }],
        "language": "js",
        "actions": [{
            "id": "ADD_SNIPPET_onClick_28aeb3ef87bd44d29f973941e4a04587",
            "type": "ADD_SNIPPET",
            "codeSnippet": "cacheLimitValue=5;\npopupStorageSetCacheSize.destroy();\n//upDateCacheSummary();",
            "callbackType": null
        }]
    }
}