{
    "AS_Button_ae21848275b447e3b4ec5305940002f1": {
        "id": "AS_Button_ae21848275b447e3b4ec5305940002f1",
        "type": "ACTION_SEQUENCE",
        "params": [{
            "datatype": "collection",
            "name": "eventobject"
        }],
        "language": "js",
        "actions": [{
            "id": "ADD_SNIPPET__3e6ade0b7f3e49fa97628ed4c247f305",
            "type": "ADD_SNIPPET",
            "codeSnippet": "popupDownloadStar.destroy();\nfrmImageOpen.show();\n",
            "parentId": null,
            "callbackType": null
        }]
    }
}