{
    "AS_Button_17dfaa6658ef42c0b5243ea5cfa4efe2": {
        "id": "AS_Button_17dfaa6658ef42c0b5243ea5cfa4efe2",
        "type": "ACTION_SEQUENCE",
        "params": [{
            "datatype": "collection",
            "name": "eventobject"
        }],
        "language": "js",
        "actions": [{
            "id": "ADD_SNIPPET__ef6d426c39524e27a252e597ce3727c4",
            "type": "ADD_SNIPPET",
            "codeSnippet": "var basicConf = {message: \"Private user file storage is only available to users who are signed-in. Would you like to sign in?\",alertType: constants.ALERT_TYPE_CONFIRMATION,alertTitle:\"\",yesLabel:\"Sign In\",\n\tnoLabel:\"Cancel\",\"alertIcon\": \"conf.png\", alertHandler: handle2};\n\n\t//Defining pspConf parameter for alert\n\tvar pspConf = {};\n\t//Alert definition\n\tkony.ui.Alert(basicConf,pspConf);\n\t//var infoAlert = kony.ui.Alert(basicConf,pspConf);\n\tfunction handle2(response)\n\t{\n\t\t//kony.print(JSON.stringify(response));\n\t\tvar response = JSON.stringify(response);\n\t\tif(response === \"true\")\n\t\t{\n\t\t\tfrmSignIn.show(); \n\t\t   \n\t\t}\n\t\t\n\t}\n\t",
            "parentId": null,
            "callbackType": null
        }]
    }
}