{
    "AS_Button_4528bc0d46524258839cb731cff5cca5": {
        "id": "AS_Button_4528bc0d46524258839cb731cff5cca5",
        "type": "ACTION_SEQUENCE",
        "params": [{
            "datatype": "collection",
            "name": "eventobject"
        }],
        "language": "js",
        "actions": [{
            "id": "ADD_SNIPPET_onClick_1e674943322e41d48ae40e06625a3937",
            "type": "ADD_SNIPPET",
            "codeSnippet": "popupUploadStorage.destroy();",
            "callbackType": null
        }]
    }
}