{
    "AS_Button_c0aabc880f244e89af515962d93f6ccb": {
        "id": "AS_Button_c0aabc880f244e89af515962d93f6ccb",
        "type": "ACTION_SEQUENCE",
        "params": [{
            "datatype": "collection",
            "name": "eventobject"
        }],
        "language": "js",
        "actions": [{
            "id": "ADD_SNIPPET_onClick_32501e9b6ba44baa8ea8dfbd54afda28",
            "type": "ADD_SNIPPET",
            "codeSnippet": "cacheLimitValue=1;\npopupStorageSetCacheSize.destroy();\n//upDateCacheSummary();\n",
            "callbackType": null
        }]
    }
}