{
    "AS_Button_d48a4fe1821f4154a28d2aaf0e4c1a5c": {
        "id": "AS_Button_d48a4fe1821f4154a28d2aaf0e4c1a5c",
        "type": "ACTION_SEQUENCE",
        "params": [{
            "datatype": "collection",
            "name": "eventobject"
        }],
        "language": "js",
        "actions": [{
            "id": "ADD_SNIPPET__9667a60685ae4bbcaaaeb4cb8f1c0a6a",
            "type": "ADD_SNIPPET",
            "codeSnippet": "if(!frmAppContentDelivery.segAppContent.selectedItems[0].imgCheck.visible){\n  download();\n}\npopupDownload.destroy();",
            "parentId": null,
            "callbackType": null
        }]
    }
}