{
    "AS_Button_b0815d8ecbfa401aad048aa47e682894": {
        "id": "AS_Button_b0815d8ecbfa401aad048aa47e682894",
        "type": "ACTION_SEQUENCE",
        "params": [{
            "datatype": "collection",
            "name": "eventobject"
        }],
        "language": "js",
        "actions": [{
            "id": "ADD_SNIPPET__f1829db899424728ace3c76e6653aa68",
            "type": "ADD_SNIPPET",
            "codeSnippet": "clearCache();\npopupUpload.destroy();\n",
            "parentId": null,
            "callbackType": null
        }]
    }
}