{
    "AS_Button_82360d0143f34080a5f9b598b1b77fc6": {
        "id": "AS_Button_82360d0143f34080a5f9b598b1b77fc6",
        "type": "ACTION_SEQUENCE",
        "params": [{
            "datatype": "collection",
            "name": "eventobject"
        }],
        "language": "js",
        "actions": [{
            "id": "ADD_SNIPPET_onClick_42f5bb4dcbc642cbb9749c982707c78d",
            "type": "ADD_SNIPPET",
            "codeSnippet": "cacheLimitValue=1;\npopupSetCacheSize.destroy();\nupDateCacheSummary();\n",
            "callbackType": null
        }]
    }
}