{
    "AS_Button_d4637b54d2e14e32aba86d1eab660e1a": {
        "id": "AS_Button_d4637b54d2e14e32aba86d1eab660e1a",
        "type": "ACTION_SEQUENCE",
        "params": [{
            "datatype": "collection",
            "name": "eventobject"
        }],
        "language": "js",
        "actions": [{
            "id": "ADD_SNIPPET__1fb1228fde204daca1f84158e84b0bbd",
            "type": "ADD_SNIPPET",
            "codeSnippet": "clearCache();\npopupDownloadStar.destroy();",
            "parentId": null,
            "callbackType": null
        }]
    }
}