{
    "AS_Button_1b9d258fdd17412988cbafb6c68159bc": {
        "id": "AS_Button_1b9d258fdd17412988cbafb6c68159bc",
        "type": "ACTION_SEQUENCE",
        "params": [{
            "datatype": "collection",
            "name": "eventobject"
        }],
        "language": "js",
        "actions": [{
            "id": "ADD_SNIPPET_onClick_d3cd1109e68c47bba4ededd749a3cf70",
            "type": "ADD_SNIPPET",
            "codeSnippet": "cacheLimitValue=20;\npopupSetCacheSize.destroy();\nupDateCacheSummary();",
            "callbackType": null
        }]
    }
}