{
    "AS_Button_d379e5c34a7f42b79db2ceb910263a98": {
        "id": "AS_Button_d379e5c34a7f42b79db2ceb910263a98",
        "type": "ACTION_SEQUENCE",
        "params": [{
            "datatype": "collection",
            "name": "eventobject"
        }],
        "language": "js",
        "actions": [{
            "id": "ADD_SNIPPET_onClick_bd4768174662468995e7e1e61f3e5dcc",
            "type": "ADD_SNIPPET",
            "codeSnippet": "//clearCache();\npopupUploadStorage.destroy();\n",
            "callbackType": null
        }]
    }
}