{
    "AS_Button_5631ab84fd1440f9a6b82d575b66ef54": {
        "id": "AS_Button_5631ab84fd1440f9a6b82d575b66ef54",
        "type": "ACTION_SEQUENCE",
        "params": [{
            "datatype": "collection",
            "name": "eventobject"
        }],
        "language": "js",
        "actions": [{
            "id": "ADD_SNIPPET_onClick_897c49005f1e41af943195932f593f8d",
            "type": "ADD_SNIPPET",
            "codeSnippet": "popupSetCacheSize.destroy();\n",
            "callbackType": null
        }]
    }
}