{
    "AS_Button_d9d1a6d3a4584de488720269842378d6": {
        "id": "AS_Button_d9d1a6d3a4584de488720269842378d6",
        "type": "ACTION_SEQUENCE",
        "params": [{
            "datatype": "collection",
            "name": "eventobject"
        }],
        "language": "js",
        "actions": [{
            "id": "ADD_SNIPPET_onClick_290867cf95c048729ecd27ac7eb64f1e",
            "type": "ADD_SNIPPET",
            "codeSnippet": "cacheLimitValue=100;\npopupStorageSetCacheSize.destroy();\n//upDateCacheSummary();",
            "callbackType": null
        }]
    }
}