{
    "AS_Button_e30db0a128224cea803b3cde0811f185": {
        "id": "AS_Button_e30db0a128224cea803b3cde0811f185",
        "type": "ACTION_SEQUENCE",
        "params": [{
            "datatype": "collection",
            "name": "eventobject"
        }],
        "language": "js",
        "actions": [{
            "id": "ADD_SNIPPET_onClick_6c98c7991d2540308e5d3dcf57bc4bfd",
            "type": "ADD_SNIPPET",
            "codeSnippet": "popupUploadStorage.destroy();",
            "callbackType": null
        }]
    }
}