{
    "AS_Button_c67c25400272437b8e59c6d22f44d326": {
        "id": "AS_Button_c67c25400272437b8e59c6d22f44d326",
        "type": "ACTION_SEQUENCE",
        "params": [{
            "datatype": "collection",
            "name": "eventobject"
        }],
        "language": "js",
        "actions": [{
            "id": "ADD_SNIPPET_onClick_a2a2758ae8934a76a64456d117263859",
            "type": "ADD_SNIPPET",
            "codeSnippet": "popupUploadStorage.destroy();\n",
            "callbackType": null
        }]
    }
}