{
    "AS_Button_69b879925e744cc7b85aa4e81cb01d08": {
        "id": "AS_Button_69b879925e744cc7b85aa4e81cb01d08",
        "type": "ACTION_SEQUENCE",
        "params": [{
            "datatype": "collection",
            "name": "eventobject"
        }],
        "language": "js",
        "actions": [{
            "id": "ADD_SNIPPET__7e949aaa9f3b4ab69a1b6eadf9c8d2f0",
            "type": "ADD_SNIPPET",
            "codeSnippet": "popupUpload.destroy();\n",
            "parentId": null,
            "callbackType": null
        }]
    }
}