{
    "AS_Button_bd937dac5b824fb5ab1514fae976bbeb": {
        "id": "AS_Button_bd937dac5b824fb5ab1514fae976bbeb",
        "type": "ACTION_SEQUENCE",
        "params": [{
            "datatype": "collection",
            "name": "eventobject"
        }],
        "language": "js",
        "actions": [{
            "id": "ADD_SNIPPET_onClick_60745265ab104763a5aa346e1aa35265",
            "type": "ADD_SNIPPET",
            "codeSnippet": "cacheLimitValue=100;\npopupSetCacheSize.destroy();\nupDateCacheSummary();",
            "callbackType": null
        }]
    }
}