{
    "AS_Button_41a600cdccf744a1ac42a477a8849e9b": {
        "id": "AS_Button_41a600cdccf744a1ac42a477a8849e9b",
        "type": "ACTION_SEQUENCE",
        "params": [{
            "datatype": "collection",
            "name": "eventobject"
        }],
        "language": "js",
        "actions": [{
            "id": "ADD_SNIPPET_onClick_48f61af3207f4423a2fd49b5337110ed",
            "type": "ADD_SNIPPET",
            "codeSnippet": "cacheLimitValue=50;\npopupSetCacheSize.destroy();\nupDateCacheSummary();",
            "callbackType": null
        }]
    }
}