{
    "AS_Button_05d303a39a4c4a8591b48b56c2a85ba5": {
        "id": "AS_Button_05d303a39a4c4a8591b48b56c2a85ba5",
        "type": "ACTION_SEQUENCE",
        "params": [{
            "datatype": "collection",
            "name": "eventobject"
        }],
        "language": "js",
        "actions": [{
            "id": "ADD_SNIPPET__f994507a902a44f9bb77fc6dbd2ad1f2",
            "type": "ADD_SNIPPET",
            "codeSnippet": "if(!frmAppContentDelivery.segAppContent.selectedItems[0].imgStar.visible && !frmAppContentDelivery.segAppContent.selectedItems[0].imgCheck.visible ){\n  downloadAndPin();\n}\nelse if(frmAppContentDelivery.segAppContent.selectedItems[0].imgCheck.visible && !frmAppContentDelivery.segAppContent.selectedItems[0].imgStar.visible ){\n  \n  pin();\n}\npopupDownloadStar.destroy();",
            "parentId": null,
            "callbackType": null
        }]
    }
}