{
    "AS_Button_cf8da1eea83a4865ab1a77185dce5c89": {
        "id": "AS_Button_cf8da1eea83a4865ab1a77185dce5c89",
        "type": "ACTION_SEQUENCE",
        "params": [{
            "datatype": "collection",
            "name": "eventobject"
        }],
        "language": "js",
        "actions": [{
            "id": "ADD_SNIPPET_onClick_545057df885b416f824d8a4a1f992500",
            "type": "ADD_SNIPPET",
            "codeSnippet": "//if(!frmAppContentDelivery.segAppContent.selectedItems[0].imgCheck.visible){\n//  download();\n//}\npopupStorageDownloadStar.destroy();",
            "callbackType": null
        }]
    }
}