{
    "AS_Button_263329a247dc4eae90019748661aeea4": {
        "id": "AS_Button_263329a247dc4eae90019748661aeea4",
        "type": "ACTION_SEQUENCE",
        "params": [{
            "datatype": "collection",
            "name": "eventobject"
        }],
        "language": "js",
        "actions": [{
            "id": "ADD_SNIPPET__1d62ace8689a4968b5e978cb077486ac",
            "type": "ADD_SNIPPET",
            "codeSnippet": "if(!frmAppContentDelivery.segAppContent.selectedItems[0].imgStar.visible && !frmAppContentDelivery.segAppContent.selectedItems[0].imgCheck.visible ){\n  downloadAndPin();\n}\nelse if(frmAppContentDelivery.segAppContent.selectedItems[0].imgCheck.visible && !frmAppContentDelivery.segAppContent.selectedItems[0].imgStar.visible ){\n  \n  pin();\n}\npopupDownload.destroy();",
            "parentId": null,
            "callbackType": null
        }]
    }
}