{
    "AS_Button_c3d3450483a44ad8880abd805b20d83c": {
        "id": "AS_Button_c3d3450483a44ad8880abd805b20d83c",
        "type": "ACTION_SEQUENCE",
        "params": [{
            "datatype": "collection",
            "name": "eventobject"
        }],
        "language": "js",
        "actions": [{
            "id": "ADD_SNIPPET_onClick_1b27739da07343c9bc13d5d44041d089",
            "type": "ADD_SNIPPET",
            "codeSnippet": "cacheLimitValue=5;\npopupSetCacheSize.destroy();\nupDateCacheSummary();",
            "callbackType": null
        }]
    }
}