{
    "AS_Button_3674a24d37d94b009555d8b23c1634c1": {
        "id": "AS_Button_3674a24d37d94b009555d8b23c1634c1",
        "type": "ACTION_SEQUENCE",
        "params": [{
            "datatype": "collection",
            "name": "eventobject"
        }],
        "language": "js",
        "actions": [{
            "id": "ADD_SNIPPET__ae8c5f31fe5645809c8a3e054eb17ba0",
            "type": "ADD_SNIPPET",
            "codeSnippet": "frmClogic.lblResult.text=\"\";\nfrmClogic.txtArea.text='{\\n\"key1\":\"value1\",\\n\"key2\":\"value2\",\\n\"key3\":\"value3\"\\n}';",
            "parentId": null,
            "callbackType": null
        }]
    }
}