{
    "AS_Button_93d34b95be194befaf1baa2a22cd9d6a": {
        "id": "AS_Button_93d34b95be194befaf1baa2a22cd9d6a",
        "type": "ACTION_SEQUENCE",
        "params": [{
            "datatype": "collection",
            "name": "eventobject"
        }],
        "language": "js",
        "actions": [{
            "id": "ADD_SNIPPET__5a54aadeb7a941a4995a919269bf054f",
            "type": "ADD_SNIPPET",
            "codeSnippet": "popupUpload.destroy();",
            "parentId": null,
            "callbackType": null
        }]
    }
}