{
    "AS_Button_3d6a0c6b0d5a47c2a55144c69799a353": {
        "id": "AS_Button_3d6a0c6b0d5a47c2a55144c69799a353",
        "type": "ACTION_SEQUENCE",
        "params": [{
            "datatype": "collection",
            "name": "eventobject"
        }],
        "language": "js",
        "actions": [{
            "id": "ADD_SNIPPET_onClick_5d56a6a22b614447b33222dd99bab614",
            "type": "ADD_SNIPPET",
            "codeSnippet": "//clearCache();\npopupStorageDownloadStar.destroy();",
            "callbackType": null
        }]
    }
}