{
    "AS_Button_42646f132f6f4858b71180e1545ff08a": {
        "id": "AS_Button_42646f132f6f4858b71180e1545ff08a",
        "type": "ACTION_SEQUENCE",
        "params": [{
            "datatype": "collection",
            "name": "eventobject"
        }],
        "language": "js",
        "actions": [{
            "id": "ADD_SNIPPET__72e79c0c213047348f63055fd8d1b6b9",
            "type": "ADD_SNIPPET",
            "codeSnippet": "if(popupDownloadStar.btnPinUnpin.text===\"Unpin\"){\n  unpin();  \n}else {\n  \n  pin();\n}\npopupDownloadStar.destroy();",
            "parentId": null,
            "callbackType": null
        }]
    }
}