{
    "AS_Button_f7ef1469717948e0b1b1c2307462d015": {
        "id": "AS_Button_f7ef1469717948e0b1b1c2307462d015",
        "type": "ACTION_SEQUENCE",
        "params": [{
            "datatype": "collection",
            "name": "eventobject"
        }],
        "language": "js",
        "actions": [{
            "id": "ADD_SNIPPET_onClick_1320b26a2b8f4310a22d3ca5c07b242b",
            "type": "ADD_SNIPPET",
            "codeSnippet": "//downloadrecent();\npopupUploadStorage.destroy();",
            "callbackType": null
        }]
    }
}