{
    "AS_Button_50a6c80b385b4f318e01c6a5a4d5685e": {
        "id": "AS_Button_50a6c80b385b4f318e01c6a5a4d5685e",
        "type": "ACTION_SEQUENCE",
        "params": [{
            "datatype": "collection",
            "name": "eventobject"
        }],
        "language": "js",
        "actions": [{
            "id": "ADD_SNIPPET__372834584d564a19aaa7f77fed92e6c3",
            "type": "ADD_SNIPPET",
            "codeSnippet": "popupDownload.destroy();\n",
            "parentId": null,
            "callbackType": null
        }]
    }
}