{
    "AS_Button_edb1463800ce494f8e5561ccbe33e0f7": {
        "id": "AS_Button_edb1463800ce494f8e5561ccbe33e0f7",
        "type": "ACTION_SEQUENCE",
        "params": [{
            "datatype": "collection",
            "name": "eventobject"
        }],
        "language": "js",
        "actions": [{
            "id": "ADD_SNIPPET_onClick_8f205c8710f1494695a390d61a953193",
            "type": "ADD_SNIPPET",
            "codeSnippet": "\npopupStorageDownload.destroy();",
            "callbackType": null
        }]
    }
}