{
    "AS_Button_1ae5064d920d40718a484da48125178b": {
        "id": "AS_Button_1ae5064d920d40718a484da48125178b",
        "type": "ACTION_SEQUENCE",
        "params": [{
            "datatype": "collection",
            "name": "eventobject"
        }],
        "language": "js",
        "actions": [{
            "id": "ADD_SNIPPET_onClick_0797a92f53384e80bd8db29d323e5472",
            "type": "ADD_SNIPPET",
            "codeSnippet": "popupUploadStorage.destroy();\nvar context3={\"widget\":frmUserFileStorage,\"anchor\":\"bottom\",\"sizetoanchorwidth\":false};\n   popupUploadStorage.setContext(context3);\n    popupStorageSetCacheSize.show();",
            "callbackType": null
        }]
    }
}