{
    "AS_Button_5dc9a720a66b40afa9d93ee9c5433e7f": {
        "id": "AS_Button_5dc9a720a66b40afa9d93ee9c5433e7f",
        "type": "ACTION_SEQUENCE",
        "params": [{
            "datatype": "collection",
            "name": "eventobject"
        }],
        "language": "js",
        "actions": [{
            "id": "ADD_SNIPPET_onClick_0eb60879e3864fd2b621cef0b7189ea0",
            "type": "ADD_SNIPPET",
            "codeSnippet": "cacheLimitValue=50;\npopupStorageSetCacheSize.destroy();\n//upDateCacheSummary();",
            "callbackType": null
        }]
    }
}