{
    "AS_Button_1f6a9daef0154e70a742f74fbe2b77ca": {
        "id": "AS_Button_1f6a9daef0154e70a742f74fbe2b77ca",
        "type": "ACTION_SEQUENCE",
        "params": [{
            "datatype": "collection",
            "name": "eventobject"
        }],
        "language": "js",
        "actions": [{
            "id": "ADD_SNIPPET__ef9db03295194336abda55233919cf73",
            "type": "ADD_SNIPPET",
            "codeSnippet": "//downloadrecent();\npopupUpload.destroy();",
            "parentId": null,
            "callbackType": null
        }]
    }
}