{
    "AS_Button_9645a398ee0d47349caf9b7103c9b093": {
        "id": "AS_Button_9645a398ee0d47349caf9b7103c9b093",
        "type": "ACTION_SEQUENCE",
        "params": [{
            "datatype": "collection",
            "name": "eventobject"
        }],
        "language": "js",
        "actions": [{
            "id": "ADD_SNIPPET_onClick_52df2f7acb054686b18ae4740e02ad10",
            "type": "ADD_SNIPPET",
            "codeSnippet": "cacheLimitValue=20;\npopupStorageSetCacheSize.destroy();\n//upDateCacheSummary();",
            "callbackType": null
        }]
    }
}