{
    "AS_Button_8632e5ca61424b1e85a4d96b9788120f": {
        "id": "AS_Button_8632e5ca61424b1e85a4d96b9788120f",
        "type": "ACTION_SEQUENCE",
        "params": [{
            "datatype": "collection",
            "name": "eventobject"
        }],
        "language": "js",
        "actions": [{
            "id": "ADD_SNIPPET__b16167b21f5d471796a240b596c7c10a",
            "type": "ADD_SNIPPET",
            "codeSnippet": "popupUpload.destroy();\nvar context3={\"widget\":frmAppContentDelivery,\"anchor\":\"bottom\",\"sizetoanchorwidth\":false};\n   popupSetCacheSize.setContext(context3);\n    popupSetCacheSize.show();",
            "parentId": null,
            "callbackType": null
        }]
    }
}