{
    "AS_Button_a0b27eeda4c446a49759f72c79442890": {
        "id": "AS_Button_a0b27eeda4c446a49759f72c79442890",
        "type": "ACTION_SEQUENCE",
        "params": [{
            "datatype": "collection",
            "name": "eventobject"
        }],
        "language": "js",
        "actions": [{
            "id": "ADD_SNIPPET_onClick_558b9bb8119846cab7f126973505cc11",
            "type": "ADD_SNIPPET",
            "codeSnippet": "popupStorageSetCacheSize.destroy();\n",
            "callbackType": null
        }]
    }
}