{
    "AS_FlexContainer_ab6ec0aaac66438a9a6606f3e4e97531": {
        "id": "AS_FlexContainer_ab6ec0aaac66438a9a6606f3e4e97531",
        "type": "ACTION_SEQUENCE",
        "language": "js",
        "actions": [{
            "id": "ADD_SNIPPET_onTouchEnd_9b617d74dca94ed684f55703e1ed0636",
            "type": "ADD_SNIPPET",
            "codeSnippet": "if(frmDetails.lblUserIdentity.text===\"Demo Content Delivery\"){ \n  frmAppContentDelivery.show(); \n}\nelse if(frmDetails.lblUserIdentity.text===\"Demo Cloud Logic\"){ \n  frmClogic.show(); \n}",
            "callbackType": null
        }]
    }
}