{
    "AS_FlexContainer_af964c6be2d34cec9e8f71d47f169d70": {
        "id": "AS_FlexContainer_af964c6be2d34cec9e8f71d47f169d70",
        "type": "ACTION_SEQUENCE",
        "language": "js",
        "actions": [{
            "id": "ADD_SNIPPET_onTouchEnd_132e29ab7eeb484e8ae5a911b9ec0a85",
            "type": "ADD_SNIPPET",
            "codeSnippet": "if(frmDetails.lblUserIdentity.text===\"Demo Content Delivery\"){ \n  frmAppContentDelivery.show(); \n}\nelse if(frmDetails.lblUserIdentity.text===\"Demo Cloud Logic\"){ \n  frmClogic.show(); \n}",
            "callbackType": null
        }]
    }
}