{
    "AS_FlexContainer_541cb6262c074e11a2585f0ea9d5d40d": {
        "id": "AS_FlexContainer_541cb6262c074e11a2585f0ea9d5d40d",
        "type": "ACTION_SEQUENCE",
        "language": "js",
        "actions": [{
            "id": "ADD_SNIPPET_onTouchEnd_64ccd378e6fc4bcdb369709add54ef6c",
            "type": "ADD_SNIPPET",
            "codeSnippet": "if(frmDetails.lblUserIdentity.text===\"Demo Content Delivery\"){ \n  frmAppContentDelivery.show(); \n}\nelse if(frmDetails.lblUserIdentity.text===\"Demo Cloud Logic\"){ \n  frmClogic.show(); \n}",
            "callbackType": null
        }]
    }
}