{
    "AS_FlexContainer_13de395912c549cc9c981df17e0b2335": {
        "id": "AS_FlexContainer_13de395912c549cc9c981df17e0b2335",
        "type": "ACTION_SEQUENCE",
        "language": "js",
        "actions": [{
            "id": "ADD_SNIPPET_onTouchEnd_e654e2fbe3d44f99bf65304262ee883f",
            "type": "ADD_SNIPPET",
            "codeSnippet": "if(frmDetails.lblUserIdentity.text===\"Demo Content Delivery\"){ \n  frmAppContentDelivery.show(); \n}\nelse if(frmDetails.lblUserIdentity.text===\"Demo Cloud Logic\"){ \n  frmClogic.show(); \n}",
            "callbackType": null
        }]
    }
}