{
    "AS_FlexContainer_b8e263b23d4d4aa597fbac6a09124087": {
        "id": "AS_FlexContainer_b8e263b23d4d4aa597fbac6a09124087",
        "type": "ACTION_SEQUENCE",
        "params": [{
            "datatype": "collection",
            "name": "eventobject"
        }, {
            "datatype": "string",
            "name": "x"
        }, {
            "datatype": "string",
            "name": "y"
        }],
        "language": "js",
        "actions": [{
            "id": "ADD_SNIPPET__b930754491c043649793aeee3eb6f313",
            "type": "ADD_SNIPPET",
            "codeSnippet": "frmUserProfileData.show();",
            "parentId": null,
            "callbackType": null
        }]
    }
}