{
    "AS_FlexContainer_5dc93db73d0a4fada5073b0a138b5fb1": {
        "id": "AS_FlexContainer_5dc93db73d0a4fada5073b0a138b5fb1",
        "type": "ACTION_SEQUENCE",
        "params": [{
            "datatype": "collection",
            "name": "eventobject"
        }, {
            "datatype": "string",
            "name": "x"
        }, {
            "datatype": "string",
            "name": "y"
        }],
        "language": "js",
        "actions": [{
            "id": "ADD_SNIPPET__a024164684814888bc60027abfa92261",
            "type": "ADD_SNIPPET",
            "codeSnippet": "frmUserFileStorage.show();",
            "parentId": null,
            "callbackType": null
        }]
    }
}