{
    "AS_FlexContainer_321845f73d304195bfc3309f1641c039": {
        "id": "AS_FlexContainer_321845f73d304195bfc3309f1641c039",
        "type": "ACTION_SEQUENCE",
        "params": [{
            "datatype": "collection",
            "name": "eventobject"
        }, {
            "datatype": "string",
            "name": "x"
        }, {
            "datatype": "string",
            "name": "y"
        }],
        "language": "js",
        "actions": [{
            "id": "ADD_SNIPPET__c0b511979846403eaf3f838daa98ff69",
            "type": "ADD_SNIPPET",
            "codeSnippet": "if(frmDetails.lblUserIdentity.text===\"Demo Content Delivery\"){ \n  frmAppContentDelivery.show(); \n}\nelse if(frmDetails.lblUserIdentity.text===\"Demo Cloud Logic\"){ \n  frmClogic.show(); \n}\nelse if(frmDetails.lblUserIdentity.text===\"Demo User Identity\"){\n  frmUserIdentity.show();\n}\nelse if(frmDetails.lblUserIdentity.text===\"Demo App Analytics\"){\n  frmMobileAnalytics.show();\n}",
            "parentId": null,
            "callbackType": null
        }]
    }
}