{
    "AS_FlexContainer_1072662e637542dcb57237a552abb018": {
        "id": "AS_FlexContainer_1072662e637542dcb57237a552abb018",
        "type": "ACTION_SEQUENCE",
        "language": "js",
        "actions": [{
            "id": "ADD_SNIPPET_onTouchEnd_646308f339764d08af391064d34b0e45",
            "type": "ADD_SNIPPET",
            "codeSnippet": "if(frmDetails.lblUserIdentity.text===\"Demo Content Delivery\"){ \n  frmAppContentDelivery.show(); \n}\nelse if(frmDetails.lblUserIdentity.text===\"Demo Cloud Logic\"){ \n  frmClogic.show(); \n}\nelse if(frmDetails.lblUserIdentity.text===\"Demo User Identity\"){\n  frmUserIdentity.show();\n}",
            "callbackType": null
        }]
    }
}