{
    "AS_Segment_3e15200d8d92432093c8a173241142e8": {
        "id": "AS_Segment_3e15200d8d92432093c8a173241142e8",
        "type": "ACTION_SEQUENCE",
        "params": [{
            "datatype": "collection",
            "name": "eventobject"
        }, {
            "datatype": "number",
            "name": "sectionNumber"
        }, {
            "datatype": "number",
            "name": "rowNumber"
        }],
        "language": "js",
        "actions": [{
            "id": "ADD_SNIPPET__73959bf0c2fc487d94da3848d09a05bd",
            "type": "ADD_SNIPPET",
            "codeSnippet": "var segment = frmUserFileStorage.segAppContent.selectedRowIndex[0];\n    SelectedRow = frmUserFileStorage.segAppContent.selectedRowIndex[1]; \n    imageSelectedName = frmUserFileStorage.segAppContent.selectedItems[0].lblImageName;\n//alert(\"visibility is\"+frmAppContentDelivery.segAppContent.selectedItems[0].imgCheck.visible);\nif(frmUserFileStorage.segAppContent.selectedItems[0].imgCheck.visible){\n  if(frmUserFileStorage.segAppContent.selectedItems[0].imgStar.visible){\n    popupStorageDownloadStar.btnPinUnpin.text=\"Unpin\";\n  }\n  else{\n    popupStorageDownloadStar.btnPinUnpin.text=\"Pin\";\n  }\n  var context2={\"widget\":frmUserFileStorage,\"anchor\":\"bottom\",\"sizetoanchorwidth\":false};\n  popupStorageDownloadStar.setContext(context2);\n  popupStorageDownloadStar.show();\n}\nelse{\n  var context1={\"widget\":frmUserFileStorage,\"anchor\":\"bottom\",\"sizetoanchorwidth\":false};\n   popupStorageDownload.setContext(context1);\n    popupStorageDownload.show();\n  \n}\n",
            "parentId": null,
            "callbackType": null
        }]
    }
}