{
    "AS_Segment_508a6e3a8e9042ffba08699a4059cfe9": {
        "id": "AS_Segment_508a6e3a8e9042ffba08699a4059cfe9",
        "type": "ACTION_SEQUENCE",
        "language": "js",
        "actions": [{
            "id": "ADD_SNIPPET_onRowClick_61f40f790d564ac7bdc185ddde235b98",
            "type": "ADD_SNIPPET",
            "codeSnippet": "var segment = frmAppContentDelivery.segAppContent.selectedRowIndex[0];\n    SelectedRow = frmAppContentDelivery.segAppContent.selectedRowIndex[1]; \n    imageSelectedName = frmAppContentDelivery.segAppContent.selectedItems[0].lblImageName;\n//alert(\"visibility is\"+frmAppContentDelivery.segAppContent.selectedItems[0].imgCheck.visible);\nif(frmAppContentDelivery.segAppContent.selectedItems[0].imgCheck.visible){\n  if(frmAppContentDelivery.segAppContent.selectedItems[0].imgStar.visible){\n    popupDownloadStar.btnPinUnpin.text=\"Unpin\";\n  }\n  else{\n    popupDownloadStar.btnPinUnpin.text=\"Pin\";\n  }\n  var context2={\"widget\":frmAppContentDelivery,\"anchor\":\"bottom\",\"sizetoanchorwidth\":false};\n  popupDownloadStar.setContext(context2);\n  popupDownloadStar.show();\n}\nelse{\n  var context1={\"widget\":frmAppContentDelivery,\"anchor\":\"bottom\",\"sizetoanchorwidth\":false};\n   popupDownload.setContext(context1);\n    popupDownload.show();\n  \n}\n",
            "callbackType": null
        }]
    }
}