{
    "AS_Segment_d1e4e41ee585490fa88a828271defac1": {
        "id": "AS_Segment_d1e4e41ee585490fa88a828271defac1",
        "type": "ACTION_SEQUENCE",
        "params": [{
            "datatype": "collection",
            "name": "eventobject"
        }, {
            "datatype": "number",
            "name": "sectionNumber"
        }, {
            "datatype": "number",
            "name": "rowNumber"
        }],
        "language": "js",
        "actions": [{
            "id": "ADD_SNIPPET__4840fef3b0cc4ea982e9caef976d75eb",
            "type": "ADD_SNIPPET",
            "codeSnippet": "var segment = frmAppContentDelivery.segAppContent.selectedRowIndex[0];\n    SelectedRow = frmAppContentDelivery.segAppContent.selectedRowIndex[1]; \n    imageSelectedName = frmAppContentDelivery.segAppContent.selectedItems[0].lblImageName.text;\n    tmpsize = frmAppContentDelivery.segAppContent.selectedItems[0].lblImageSize.text;\n//alert(\"visibility is\"+frmAppContentDelivery.segAppContent.selectedItems[0].imgCheck.visible);\nif(frmAppContentDelivery.segAppContent.selectedItems[0].imgCheck.visible){\n  if(frmAppContentDelivery.segAppContent.selectedItems[0].imgStar.visible){\n    popupDownloadStar.btnPinUnpin.text=\"Unpin\";\n  }\n  else{\n    popupDownloadStar.btnPinUnpin.text=\"Pin\";\n  }\n  var context2={\"widget\":frmAppContentDelivery,\"anchor\":\"bottom\",\"sizetoanchorwidth\":false};\n  popupDownloadStar.setContext(context2);\n  popupDownloadStar.show();\n}\nelse{\n  var context1={\"widget\":frmAppContentDelivery,\"anchor\":\"bottom\",\"sizetoanchorwidth\":false};\n   popupDownload.setContext(context1);\n    popupDownload.show();\n  \n}\n",
            "parentId": null,
            "callbackType": null
        }]
    }
}