{
    "AS_Segment_3e72b098bf6e43b494a9d9072ec2a060": {
        "id": "AS_Segment_3e72b098bf6e43b494a9d9072ec2a060",
        "type": "ACTION_SEQUENCE",
        "params": [{
            "datatype": "collection",
            "name": "eventobject"
        }, {
            "datatype": "number",
            "name": "sectionNumber"
        }, {
            "datatype": "number",
            "name": "rowNumber"
        }],
        "language": "js",
        "actions": [{
            "id": "ADD_SNIPPET__cea0807f80614a99bd606a420cd89715",
            "type": "ADD_SNIPPET",
            "codeSnippet": "var segment = frmHome.segHome.selectedRowIndex[0];\nvar row = frmHome.segHome.selectedRowIndex[1];\n//alert(frmHome.segHome.selectedItems[0].lblTitle);\nvar title = frmHome.segHome.selectedItems[0].lblTitle.text;\n//var title = frmHome.segHome.selectedItems[0].lblTitle;\nHometoDetails(title);\n",
            "parentId": null,
            "callbackType": null
        }]
    }
}