{
    "AS_TitleBar_8de1bf562a4e4174807070fc7a626b06": {
        "id": "AS_TitleBar_8de1bf562a4e4174807070fc7a626b06",
        "type": "ACTION_SEQUENCE",
        "language": "js",
        "actions": [{
            "id": "ADD_SNIPPET__896ca823a1594182945bd7c7cf09c3d7",
            "type": "ADD_SNIPPET",
            "codeSnippet": "var context1={\"widget\":frmAppContentDelivery,\"anchor\":\"bottom\",\"sizetoanchorwidth\":false};\npopupUpload.setContext(context1);\npopupUpload.show();",
            "parentId": null,
            "callbackType": null
        }]
    }
}