{
    "DNDConfig": null,
    "__parentReadjusting__": false,
    "_height_": {
        "type": "string",
        "value": "50dp"
    },
    "_margin_": [
        0,
        0,
        0,
        0
    ],
    "_orientation_": 6,
    "_padding_": [
        0,
        0,
        0,
        0
    ],
    "_percent_": true,
    "_skin_": "s52f94f6bbf649a8807d195aee1e9641",
    "_top_": {
        "type": "string",
        "value": "65dp"
    },
    "_width_": {
        "type": "string",
        "value": "15.05%"
    },
    "allboxes": [],
    "autogrowmode": 0,
    "canUpdateUI": true,
    "centerx": {
        "type": "string",
        "value": "50%"
    },
    "childInstances": [],
    "children": [
        "chevronContainer"
    ],
    "clipbounds": true,
    "containerweight": 100,
    "enablescrolling": true,
    "id": "chevronOwner",
    "info": null,
    "isvisible": true,
    "kuid": "m55f763789d448b3b6f25fc08ed680f8",
    "layouttype": 2,
    "name": "kony.ui.FlexContainer",
    "parent": "flexThermometer",
    "pf": "MasterThermometer",
    "snapgridsize": 10,
    "snaptogrid": true,
    "wType": "FlexContainer",
    "widgetalignment": 1,
    "zindex": 2
}