{
    "@class": "com.kony.gen.viz.model.component.KVizLabel",
    "DNDConfig": null,
    "__parentReadjusting__": false,
    "_height_": {
        "type": "ref",
        "value": "preferred"
    },
    "_margin_": [
        1,
        1,
        1,
        1
    ],
    "_padding_": [
        0,
        0,
        0,
        0
    ],
    "_skin_": "sa7880d84cf246aabd6403177344a6bc",
    "_text_": "COOLING",
    "_top_": {
        "type": "string",
        "value": "260dp"
    },
    "_width_": {
        "type": "ref",
        "value": "preferred"
    },
    "_wrapping_": 2,
    "android": {
        "textStyle": {
            "letterSpacing": 0,
            "strikeThrough": false
        }
    },
    "canUpdateUI": true,
    "centerx": {
        "type": "string",
        "value": "49.99%"
    },
    "childInstances": [],
    "containerweight": 100,
    "contentalignment": 4,
    "id": "CopyLabel0b7e21f6e44ae47",
    "info": null,
    "ipad": {
        "psp": {
            "wrapping": 2
        }
    },
    "iphone": {
        "psp": {
            "wrapping": 2
        }
    },
    "isvisible": true,
    "kuid": "mfffac6e307047c783f91bd6266c87fa",
    "name": "kony.ui.Label",
    "parent": "flexThermometer",
    "pf": "MasterThermometer",
    "tooltip": "",
    "wType": "Label",
    "zindex": 11
}