{
    "DNDConfig": null,
    "__parentReadjusting__": false,
    "_height_": {
        "type": "string",
        "value": "23.28%"
    },
    "_left_": {
        "type": "string",
        "value": "0dp"
    },
    "_margin_": [
        0,
        0,
        0,
        0
    ],
    "_orientation_": 6,
    "_padding_": [
        0,
        0,
        0,
        0
    ],
    "_percent_": true,
    "_skin_": "sf848c58de524f949428cf95f3ded655",
    "_width_": {
        "type": "string",
        "value": "100%"
    },
    "allboxes": [],
    "autogrowmode": 0,
    "canUpdateUI": true,
    "centery": {
        "type": "string",
        "value": "49%"
    },
    "childInstances": [],
    "children": [
        "Label027dd82303d2f4d",
        "flexDecimal"
    ],
    "clipbounds": true,
    "containerweight": 100,
    "enablescrolling": true,
    "id": "FlexGroup06075d6ad02e640",
    "info": null,
    "isvisible": true,
    "kuid": "mdfb9e0b7c4742c2a0acdc9c1ea67226",
    "layouttype": 2,
    "name": "kony.ui.FlexContainer",
    "parent": "flexThermometer",
    "pf": "MasterThermometer",
    "snapgridsize": 10,
    "snaptogrid": true,
    "wType": "FlexContainer",
    "widgetalignment": 1
}