{
    "DNDConfig": null,
    "__parentReadjusting__": false,
    "_height_": {
        "type": "string",
        "value": "422dp"
    },
    "_left_": {
        "type": "string",
        "value": "0dp"
    },
    "_margin_": [
        0,
        0,
        0,
        0
    ],
    "_orientation_": 6,
    "_padding_": [
        0,
        0,
        0,
        0
    ],
    "_percent_": true,
    "_skin_": "s4c81a554cac4b7a91dcb5616a4ed65a",
    "_width_": {
        "type": "string",
        "value": "100%"
    },
    "allboxes": [],
    "autogrowmode": 0,
    "canUpdateUI": true,
    "centery": {
        "type": "string",
        "value": "50%"
    },
    "childInstances": [],
    "children": [
        "flexArrow",
        "FlexContainer0d2138ad85cfc41",
        "FlexContainer02b1e4b49f3904c",
        "Label013183569763b48",
        "CopyLabel0b7e21f6e44ae47",
        "flexScroll",
        "imgTopArrow",
        "imgDwnArrow",
        "chevronOwner",
        "chevronOwnerDn",
        "FlexGroup06075d6ad02e640"
    ],
    "clipbounds": false,
    "containerweight": 100,
    "enablescrolling": true,
    "id": "flexThermometer",
    "info": null,
    "isvisible": true,
    "kuid": "m68d1ab2cafc4f139c91f50d25dce098",
    "layouttype": 2,
    "masterTopLevelFlex": true,
    "name": "kony.ui.FlexContainer",
    "parent": "MasterThermometer",
    "pf": "MasterThermometer",
    "snapgridsize": 10,
    "snaptogrid": true,
    "vizProps": {
        "hidewidgethierarchy": true
    },
    "wType": "FlexContainer",
    "widgetalignment": 1,
    "zindex": 1
}