{
    "DNDConfig": null,
    "__parentReadjusting__": false,
    "_height_": {
        "type": "string",
        "value": "395dp"
    },
    "_left_": {
        "type": "string",
        "value": "0dp"
    },
    "_margin_": [
        0,
        0,
        0,
        0
    ],
    "_orientation_": 6,
    "_padding_": [
        0,
        0,
        0,
        0
    ],
    "_percent_": true,
    "_skin_": "s53b2f4e311a4bd0ad6f871d7b1251db",
    "_top_": {
        "type": "string",
        "value": "0dp"
    },
    "_width_": {
        "type": "string",
        "value": "46.67%"
    },
    "allboxes": [],
    "allowhorizontalbounce": false,
    "allowverticalbounce": false,
    "bounces": true,
    "canUpdateUI": true,
    "centerx": {
        "type": "string",
        "value": "50%"
    },
    "childInstances": [],
    "children": [
        "FlexContainer00d7dfc49ca6444"
    ],
    "clipbounds": true,
    "containerweight": 100,
    "decelerat": false,
    "dragg": false,
    "enablescrolling": true,
    "horizontalscrollindicator": true,
    "id": "flexScroll",
    "info": null,
    "isvisible": true,
    "kuid": "m84338efc5594f2e8bcfc0f75d6b56f5",
    "layouttype": 2,
    "name": "kony.ui.FlexScrollContainer",
    "pagingenabled": false,
    "parent": "flexThermometer",
    "pf": "MasterThermometer",
    "scrolldirection": 2,
    "snapgridsize": 10,
    "snaptogrid": true,
    "track": false,
    "verticalscrollindicator": false,
    "wType": "FlexScrollContainer",
    "widgetalignment": 1,
    "zindex": 30
}