{
    "DNDConfig": null,
    "__parentReadjusting__": false,
    "_height_": {
        "type": "ref",
        "value": "preferred"
    },
    "_margin_": [
        0,
        0,
        0,
        0
    ],
    "_orientation_": 6,
    "_padding_": [
        0,
        0,
        0,
        0
    ],
    "_percent_": true,
    "_skin_": "sf848c58de524f949428cf95f3ded655",
    "_width_": {
        "type": "number",
        "value": "34"
    },
    "allboxes": [],
    "autogrowmode": 1,
    "canUpdateUI": true,
    "centerx": {
        "type": "string",
        "value": "63%"
    },
    "childInstances": [],
    "children": [
        "CopyLabel0dac06cbb578d49"
    ],
    "clipbounds": false,
    "containerweight": 100,
    "enablescrolling": true,
    "id": "flexDecimal",
    "info": null,
    "isvisible": true,
    "kuid": "m6bc965dc7974d6b8638201f22412451",
    "layouttype": 2,
    "name": "kony.ui.FlexContainer",
    "parent": "FlexGroup06075d6ad02e640",
    "pf": "MasterThermometer",
    "snapgridsize": 10,
    "snaptogrid": true,
    "wType": "FlexContainer",
    "widgetalignment": 1,
    "zindex": 11
}