{
    "DNDConfig": null,
    "__parentReadjusting__": false,
    "_height_": {
        "type": "string",
        "value": "350dp"
    },
    "_margin_": [
        0,
        0,
        0,
        0
    ],
    "_orientation_": 6,
    "_padding_": [
        0,
        0,
        0,
        0
    ],
    "_percent_": true,
    "_skin_": "s5605a10f9dc49568ae86857407d840e",
    "_width_": {
        "type": "number",
        "value": "50"
    },
    "allboxes": [],
    "autogrowmode": 0,
    "canUpdateUI": true,
    "centerx": {
        "type": "string",
        "value": "50%"
    },
    "centery": {
        "type": "string",
        "value": "48%"
    },
    "childInstances": [],
    "children": [
        "Image08e3568cae63945"
    ],
    "clipbounds": false,
    "containerweight": 100,
    "enablescrolling": true,
    "id": "flexArrow",
    "info": null,
    "isvisible": true,
    "kuid": "m2011ea8fd1342cbbad2b666c79baacd",
    "layouttype": 2,
    "name": "kony.ui.FlexContainer",
    "parent": "flexThermometer",
    "pf": "MasterThermometer",
    "snapgridsize": 10,
    "snaptogrid": true,
    "wType": "FlexContainer",
    "widgetalignment": 1,
    "zindex": 4
}