{
    "@class": "com.kony.gen.viz.model.component.KVizImage2",
    "DNDConfig": null,
    "__parentReadjusting__": false,
    "_base64_": null,
    "_height_": {
        "type": "string",
        "value": "350dp"
    },
    "_margin_": [
        0,
        0,
        0,
        0
    ],
    "_padding_": [
        0,
        0,
        0,
        0
    ],
    "_skin_": "s1f07fd39d544475be8b0cd4e97a54cd",
    "_src_": "ring.png",
    "_top_": {
        "type": "number",
        "value": "0"
    },
    "_width_": {
        "type": "string",
        "value": "350dp"
    },
    "canUpdateUI": true,
    "centerx": {
        "type": "string",
        "value": "50%"
    },
    "childInstances": [],
    "containerweight": 100,
    "context": {
        "channel": "mobile",
        "formID": "Master0148202cde52e45",
        "platform": "iphone",
        "templateType": "masters",
        "topLevelBox": null
    },
    "id": "Image055d5cd9cebba41",
    "imagescalemode": 1,
    "info": null,
    "invokedProperty": "src",
    "isvisible": true,
    "kuid": "m2fcd1bbd4964fe7ad70a948bfe397e7",
    "name": "kony.ui.Image2",
    "parent": "FlexContainer0d2138ad85cfc41",
    "pf": "MasterThermometer",
    "srcType": 1,
    "wType": "Image",
    "widgetalignment": 5,
    "zindex": 1
}