{
    "@class": "com.kony.gen.viz.model.component.KVizImage2",
    "DNDConfig": null,
    "__parentReadjusting__": false,
    "_base64_": null,
    "_bottom_": {
        "type": "string",
        "value": "20%"
    },
    "_height_": {
        "type": "string",
        "value": "30dp"
    },
    "_left_": {
        "type": "string",
        "value": "0%"
    },
    "_margin_": [
        0,
        0,
        0,
        0
    ],
    "_padding_": [
        0,
        0,
        0,
        0
    ],
    "_skin_": "s1f07fd39d544475be8b0cd4e97a54cd",
    "_src_": "icon_arrow_2.png",
    "_width_": {
        "type": "string",
        "value": "30dp"
    },
    "canUpdateUI": true,
    "centerx": {
        "type": "string",
        "value": "50%"
    },
    "childInstances": [],
    "containerweight": 100,
    "context": {
        "channel": "mobile",
        "formID": "Master0148202cde52e45",
        "platform": "iphone",
        "templateType": "masters",
        "topLevelBox": null
    },
    "id": "img3dn",
    "imagescalemode": 1,
    "info": null,
    "invokedProperty": "src",
    "isvisible": true,
    "kuid": "m3aaf77eb7444b999dd8e06250d06f75",
    "name": "kony.ui.Image2",
    "parent": "chevronContainerDn",
    "pf": "MasterThermometer",
    "srcType": 1,
    "wType": "Image",
    "widgetalignment": 5,
    "zindex": 31
}