{
    "@class": "com.kony.gen.viz.model.component.KVizImage2",
    "DNDConfig": null,
    "__parentReadjusting__": false,
    "_base64_": null,
    "_height_": {
        "type": "string",
        "value": "10%"
    },
    "_left_": {
        "type": "string",
        "value": "46%"
    },
    "_margin_": [
        0,
        0,
        0,
        0
    ],
    "_padding_": [
        0,
        0,
        0,
        0
    ],
    "_skin_": "s1f07fd39d544475be8b0cd4e97a54cd",
    "_src_": "icon_arrow_2.png",
    "_top_": {
        "type": "string",
        "value": "78%"
    },
    "_width_": {
        "type": "string",
        "value": "15%"
    },
    "canUpdateUI": true,
    "centerx": {
        "type": "string",
        "value": "50%"
    },
    "childInstances": [],
    "containerweight": 100,
    "context": {
        "channel": "mobile",
        "formID": "Master0148202cde52e45",
        "platform": "iphone",
        "templateType": "masters",
        "topLevelBox": null
    },
    "id": "imgDwnArrow",
    "imagescalemode": 1,
    "info": null,
    "invokedProperty": "src",
    "isvisible": true,
    "kuid": "mf8ccac5a41442c686367f10d27c451e",
    "name": "kony.ui.Image2",
    "parent": "flexThermometer",
    "pf": "MasterThermometer",
    "srcType": 1,
    "wType": "Image",
    "widgetalignment": 5,
    "zindex": 31
}