{
    "@class": "com.kony.gen.viz.model.component.KVizLabel",
    "DNDConfig": null,
    "__parentReadjusting__": false,
    "_height_": {
        "type": "ref",
        "value": "preferred"
    },
    "_margin_": [
        1,
        1,
        1,
        1
    ],
    "_padding_": [
        0,
        0,
        0,
        0
    ],
    "_skin_": "sa7880d84cf246aabd6403177344a6bc",
    "_text_": "Temperature",
    "_top_": {
        "type": "string",
        "value": "119dp"
    },
    "_width_": {
        "type": "ref",
        "value": "preferred"
    },
    "_wrapping_": 2,
    "android": {
        "textStyle": {
            "letterSpacing": 0,
            "strikeThrough": false
        }
    },
    "canUpdateUI": true,
    "centerx": {
        "type": "string",
        "value": "50%"
    },
    "childInstances": [],
    "containerweight": 100,
    "contentalignment": 4,
    "id": "Label013183569763b48",
    "info": null,
    "ipad": {
        "psp": {
            "wrapping": 2
        }
    },
    "iphone": {
        "psp": {
            "wrapping": 2
        }
    },
    "isvisible": true,
    "kuid": "md5d1c65086b46dd9fb20e7e82923e5c",
    "name": "kony.ui.Label",
    "parent": "flexThermometer",
    "pf": "MasterThermometer",
    "tooltip": "",
    "wType": "Label",
    "zindex": 11
}