{
    "@class": "com.kony.gen.viz.model.component.KVizLabel",
    "DNDConfig": null,
    "__parentReadjusting__": false,
    "_height_": {
        "type": "ref",
        "value": "preferred"
    },
    "_margin_": [
        1,
        1,
        1,
        1
    ],
    "_padding_": [
        0,
        0,
        0,
        0
    ],
    "_skin_": "sfed9212bffd4fac99097cfc655a213f",
    "_text_": "50",
    "_width_": {
        "type": "ref",
        "value": "preferred"
    },
    "_wrapping_": 2,
    "android": {
        "textStyle": {
            "letterSpacing": 0,
            "strikeThrough": false
        }
    },
    "canUpdateUI": true,
    "centerx": {
        "type": "string",
        "value": "50%"
    },
    "centery": {
        "type": "string",
        "value": "48%"
    },
    "childInstances": [],
    "containerweight": 100,
    "contentalignment": 2,
    "id": "Label027dd82303d2f4d",
    "info": null,
    "ipad": {
        "psp": {
            "wrapping": 2
        }
    },
    "iphone": {
        "psp": {
            "wrapping": 2
        }
    },
    "isvisible": true,
    "kuid": "m5780e4fc82d490aabde37640b212722",
    "name": "kony.ui.Label",
    "parent": "FlexGroup06075d6ad02e640",
    "pf": "MasterThermometer",
    "tooltip": "",
    "wType": "Label",
    "zindex": 10
}